,Year,Utility Number,Utility Name,State,BA Code,Commercial Annual Savings (MWh),Total Annual Savings (MWh),Commercial Peak Demand Annual Savings (MW),Total Peak Demand Annual Savings (MW),Commercial Cum Savings (MWh),Total Cum Savings (MWh),Commercial Cum Peak Demand Savings (MWh),Total Cum Peak Demand Savings (MWh),Commercial Annual Incent Cost (Thousand $),Total Annual Incent Cost (Thousand $),Commercial Non-Incentive Annual Costs (Thousand $),Total Non-Incentive Annual Costs (Thousand $),Commercial Incentive Cum Costs (Thousand $),Total Incentive Cum Costs (Thousand $),Commercial Non-Incentive Cum Costs (Thousand $),Total Non-Incentive Cum Costs (Thousand $),Commercial Weighted Avg Life (Yrs)
0,2023,162,Aiken Electric Coop Inc,SC,SC,1686.0,206.0,0.4,0.0,18796.5,27204.0,0.4,0.0,162.0,443.0,118.0,37.0,190.0,487.0,145.0,348.0,12.574
1,2023,189,PowerSouth Energy Cooperative,AL,SOCO,1686.0,2550.0,0.4,2.1,18796.5,28552.0,0.4,2.1,162.0,848.0,118.0,526.0,190.0,848.0,145.0,526.0,12.574
2,2023,195,Alabama Power Co,AL,SOCO,759.0,5767.0,0.2,11.9,3797.0,45489.0,0.2,11.9,36.0,1225.0,151.0,1095.0,36.0,1225.0,151.0,1095.0,5.0
3,2023,207,Alameda Municipal Power,CA,CISO,111.0,146.0,0.0,0.1,1460.0,1958.0,0.0,0.1,23.0,70.0,146.0,321.0,23.0,70.0,146.0,321.0,13.269
4,2023,295,City of Alexandria - (MN),MN,MISO,673.0,3306.0,0.1,0.7,8564.0,43191.0,0.1,0.7,36.0,187.0,38.0,194.0,36.0,187.0,38.0,194.0,12.727
5,2023,554,City of Ames - (IA),IA,MISO,20.0,189.0,0.0,0.1,170.0,1856.0,0.0,0.1,2.0,197.0,2.0,54.0,2.0,197.0,2.0,54.0,10.0
6,2023,590,City of Anaheim - (CA),CA,CISO,2725.0,7242.0,0.5,1.5,31169.0,82545.0,0.5,1.5,827.0,3338.0,278.0,804.0,827.0,3338.0,278.0,804.0,11.437
7,2023,691,City of Anoka,MN,MISO,4462.0,4628.0,0.7,0.7,40228.0,41317.0,0.7,0.7,255.0,259.0,23.0,115.0,255.0,259.0,23.0,115.0,26.0
8,2023,733,Appalachian Power Co,VA,PJM,2200.0,46230.0,5.3,19.7,60552.0,495141.0,5.3,19.7,1319.0,9150.0,1584.0,7650.0,1319.0,9150.0,1584.0,7650.0,27.525
9,2023,733,Appalachian Power Co,WV,PJM,0.0,2436.0,0.4,1.0,18796.5,30113.0,0.4,1.0,162.0,2143.0,118.0,1399.0,190.0,2143.0,145.0,1399.0,12.574
10,2023,803,Arizona Public Service Co,AZ,AZPS,204113.0,313784.0,38.7,105.8,2733360.0,4075898.0,38.7,105.8,12162.0,27508.0,13183.0,26286.0,12162.0,27508.0,13183.0,26286.0,13.4
11,2023,814,Entergy Arkansas LLC,AR,MISO,67746.0,279833.0,12.0,47.0,701403.0,3278686.0,12.0,47.0,6649.0,31706.0,3721.0,16582.0,6649.0,31706.0,3721.0,16582.0,14.7
12,2023,924,"Associated Electric Coop, Inc",MO,SWPP,468.0,5727.0,1.2,2.4,7017.0,109661.0,1.2,2.4,308.0,2132.0,11.0,164.0,308.0,2132.0,11.0,164.0,13.0
13,2023,963,Atlantic City Electric Co,NJ,PJM,30169.0,63700.0,4.4,8.5,428498.0,804835.0,4.4,8.5,7106.0,11550.0,5231.0,13123.0,7106.0,11550.0,5231.0,13123.0,14.2
14,2023,1009,City of Austin - (MN),MN,MISO,969.0,1275.0,0.2,0.2,9685.0,12747.0,0.2,0.2,110.0,172.0,64.0,131.0,110.0,172.0,64.0,131.0,10.0
15,2023,1015,Austin Energy,TX,ERCO,62433.0,111939.0,21.8,39.4,998927.0,1877114.0,21.8,39.4,2336.0,13018.0,2128.0,7695.0,2336.0,13018.0,2128.0,7695.0,16.0
16,2023,1050,City of Azusa,CA,CISO,2335.0,2668.0,0.7,0.8,32858.0,36800.0,0.7,0.8,1030.0,1135.0,297.0,334.0,1030.0,1135.0,297.0,334.0,14.207
17,2023,1167,Baltimore Gas & Electric Co,MD,PJM,150232.0,370013.0,23.1,68.1,1775688.0,2582317.0,23.1,68.1,46101.0,87375.0,13735.0,33022.0,46101.0,87375.0,13735.0,33022.0,11.82
18,2023,1251,Barron Electric Coop,WI,MISO,1686.0,247.0,0.4,0.0,18796.5,4952.0,0.4,0.0,162.0,65.0,118.0,72.0,190.0,65.0,145.0,72.0,0.0
19,2023,1273,"Bartlett Electric Coop, Inc",TX,ERCO,0.0,20.0,0.0,0.0,0.0,251.0,0.0,0.0,0.0,4.0,0.0,1.0,0.0,24.0,0.0,1.0,0.0
20,2023,1366,City of Bay City - (MI),MI,MISO,1719.0,2960.0,0.2,0.3,24093.0,31144.0,0.1,0.3,209.0,420.0,98.0,170.0,209.0,420.0,98.0,170.0,14.02
21,2023,1529,"Beltrami Electric Coop, Inc",MN,MISO,793.0,4921.0,0.1,1.2,9834.0,61229.0,0.1,1.2,53.0,336.0,2.0,197.0,53.0,336.0,2.0,197.0,12.359
22,2023,1579,PUD No 1 of Benton County,WA,BPAT,1806.0,6187.0,0.5,1.6,5679.0,49497.0,0.5,1.6,168.0,1038.0,115.0,525.0,168.0,1038.0,115.0,525.0,12.4
23,2023,1613,Berkeley Electric Coop Inc,SC,SC,449.0,982.0,0.1,1.2,4491.0,9930.0,0.1,1.2,17.0,172.0,1.0,100.0,17.0,172.0,1.0,100.0,10.0
24,2023,1723,"Big Bend Electric Coop, Inc",WA,BPAT,20.0,1363.0,0.0,0.5,301.0,14045.0,0.0,0.4,24.0,748.0,9.0,171.0,24.0,748.0,9.0,171.0,15.0
25,2023,1889,Blue Ridge Elec Member Corp - (NC),NC,DUK,1686.0,135.0,0.4,1.0,18796.5,1320.0,0.4,1.0,162.0,19.0,118.0,240.0,190.0,19.0,145.0,282.0,12.574
26,2023,2008,City of Boulder City - (NV),NV,WALC,1686.0,45.0,0.4,0.75,18796.5,512.0,0.4,0.8,162.0,15.0,118.0,240.0,190.0,15.0,145.0,11.0,12.574
27,2023,2089,Bozrah Light & Power Company,CT,ISNE,2.0,60.0,0.4,0.0,30.0,583.0,0.4,0.0,9.0,166.0,1.0,40.0,9.0,166.0,1.0,40.0,15.0
28,2023,2285,City of Brookings - (SD),SD,WACM,96.0,646.0,0.0,0.1,1219.0,9359.0,0.0,0.1,6.0,41.0,7.0,43.0,6.0,41.0,7.0,43.0,12.731
29,2023,2442,City of Bryan - (TX),TX,ERCO,894.0,1166.0,0.2,0.3,8938.0,11663.0,0.1,0.1,101.0,208.0,42.0,123.0,101.0,208.0,42.0,123.0,10.0
30,2023,2507,City of Burbank Water and Power,CA,LDWP,4043.0,5319.0,1.3,1.7,61501.0,68110.0,1.3,1.7,251.0,1162.0,548.0,607.0,251.0,1162.0,548.0,607.0,15.303
31,2023,2548,City of Burlington Electric - (VT),VT,ISNE,2434.0,2922.0,0.4,0.5,36510.0,43342.0,0.4,0.5,730.0,1100.0,629.0,1034.0,730.0,1100.0,629.0,1034.0,15.0
32,2023,2643,Butler Public Power District - (NE),NE,SWPP,127.0,703.0,0.0,0.0,1401.0,5705.0,0.0,0.0,5.0,64.0,3.0,37.0,5.0,64.0,3.0,37.0,11.0
33,2023,3046,Duke Energy Progress - (NC),NC,CPLE,67958.0,346039.0,12.2,64.9,944074.0,3080832.0,12.2,64.9,9743.0,38919.0,6589.0,21569.0,9743.0,38919.0,6589.0,21569.0,13.892
34,2023,3046,Duke Energy Progress - (NC),SC,CPLE,11211.0,57087.0,2.0,10.7,155747.0,508254.0,2.0,10.7,1607.0,6421.0,1087.0,3558.0,1607.0,6421.0,1087.0,3558.0,13.892
35,2023,3107,Carteret-Craven El Member Corp,NC,CPLE,308.0,2302.0,0.0,0.2,5236.0,7279.0,0.0,0.3,0.0,1.0,304.0,319.0,0.0,1.0,304.0,319.0,17.0
36,2023,3203,Cedar Falls Utilities,IA,MISO,326.0,1819.0,0.2,0.6,6102.0,23366.0,0.2,0.6,67.0,231.0,18.0,328.0,67.0,231.0,18.0,328.0,13.812
37,2023,3205,Cedar-Knox Public Power Dist,NE,SWPP,48.0,211.0,0.0,0.0,535.0,2843.0,0.0,0.0,3.0,43.0,3.0,16.0,3.0,43.0,3.0,16.0,11.091
38,2023,3240,Central Electric Coop Inc - (OR),OR,BPAT,1343.0,2393.0,0.2,0.4,17019.0,36451.0,0.2,0.4,229.0,948.0,118.0,240.0,229.0,948.0,145.0,282.0,12.67
39,2023,3245,"Central Florida Elec Coop, Inc",FL,SEC,28.0,115.0,0.0,0.0,352.0,1659.0,0.0,0.0,0.0,0.0,41.0,132.0,0.0,0.0,41.0,132.0,12.367
40,2023,3248,Central Georgia El Member Corp,GA,SOCO,1686.0,107.0,0.4,0.0,18796.5,1242.0,0.4,0.0,162.0,13.0,118.0,13.0,190.0,13.0,145.0,13.0,12.574
41,2023,3249,Central Hudson Gas & Elec Corp,NY,NYIS,15932.0,53411.0,0.4,0.75,179868.0,680730.0,0.4,0.8,3359.0,6315.0,401.0,1487.0,3360.0,6316.0,401.0,1487.0,11.29
42,2023,3258,Central Iowa Power Cooperative,IA,MISO,1.0,12.0,0.0,1.3,6.0,182.0,0.0,1.5,21.0,613.0,2.0,130.0,21.0,613.0,2.0,130.0,9.272
43,2023,3264,Central Lincoln People's Ut Dt,OR,BPAT,608.0,2992.0,0.1,0.6,8413.0,51937.0,0.1,0.6,104.0,1222.0,27.0,132.0,104.0,1222.0,27.0,132.0,13.846
44,2023,3265,Cleco Power LLC,LA,MISO,13890.0,34178.0,4.1,8.3,169316.0,482917.0,4.1,8.3,1459.0,3585.0,767.0,2504.0,1459.0,3585.0,767.0,2504.0,12.2
45,2023,3278,AEP Texas Central Company,TX,ERCO,8925.0,13361.0,6.2,8.6,153915.0,246071.0,6.2,8.6,1629.0,3471.0,231.0,498.0,1629.0,3471.0,231.0,498.0,17.2
46,2023,3287,"Central Valley Elec Coop, Inc",NM,SWPP,0.0,189.0,0.0,0.0,0.0,198.0,0.0,0.0,0.0,32.0,0.0,114.0,0.0,32.0,0.0,114.0,0.0
47,2023,3295,City of Centralia - (WA),WA,BPAT,90.0,509.0,0.0,0.1,1086.0,6206.0,0.0,0.1,21.0,109.0,118.0,240.0,21.0,109.0,145.0,282.0,12.0
48,2023,3400,City of Chaska - (MN),MN,MISO,2111.0,3482.0,0.3,0.7,21109.0,34819.0,0.3,0.7,62.0,191.0,70.0,115.0,62.0,191.0,70.0,115.0,10.0
49,2023,3413,PUD No 1 of Chelan County,WA,CHPD,8059.0,13515.0,1.8,3.5,185805.0,449427.0,1.8,3.5,3883.0,5838.0,411.0,814.0,3883.0,5838.0,411.0,814.0,13.31
50,2023,3461,Cheyenne Light Fuel & Power,WY,WACM,2148.0,2213.0,0.7,0.7,32215.0,33196.0,0.7,0.7,343.0,373.0,226.0,307.0,343.0,373.0,226.0,307.0,15.0
51,2023,3477,City of Chicopee - (MA),MA,ISNE,864.0,1218.0,0.2,0.3,12963.0,17505.0,0.2,0.3,162.0,373.0,64.0,183.0,162.0,373.0,64.0,183.0,15.0
52,2023,3502,"Choctawhatche Elec Coop, Inc",FL,SOCO,0.0,65.0,0.0,0.0,0.0,982.0,0.0,0.0,0.0,16.0,0.0,0.0,0.0,16.0,0.0,0.0,0.0
53,2023,3644,PUD No 1 of Clallam County,WA,BPAT,325.0,872.0,0.0,0.2,4176.0,13276.0,0.0,0.2,177.0,500.0,37.0,240.0,177.0,500.0,37.0,240.0,12.848
54,2023,3660,PUD No 1 of Clark County - (WA),WA,BPAT,9688.0,53276.0,2.0,10.9,116256.0,389310.0,2.0,10.9,2213.0,7289.0,90.0,1099.0,2213.0,7289.0,90.0,1099.0,12.0
55,2023,3755,Cleveland Electric Illum Co,OH,PJM,4306.0,11372.0,0.7,2.6,33833.0,104563.0,0.7,2.6,257.0,4050.0,193.0,1977.0,257.0,4050.0,193.0,1977.0,7.857
56,2023,3828,Cloverland Electric Co-op,MI,MISO,1336.0,2209.0,0.2,0.2,19173.0,29009.0,0.2,0.2,96.0,429.0,128.0,393.0,96.0,429.0,128.0,393.0,14.35
57,2023,3841,Coast Electric Power Assn - (MS),MS,SOCO,36.0,3698.0,0.0,0.8,536.0,20422.0,0.0,0.8,7.0,296.0,0.0,3.0,7.0,296.0,0.0,3.0,15.0
58,2023,3915,Coldwater Board of Public Util,MI,MISO,266.0,1568.0,0.6,3.5,266.0,1568.0,0.6,3.5,23.0,77.0,4.0,10.0,23.0,77.0,4.0,10.0,1.0
59,2023,3940,City of College Station - (TX),TX,ERCO,0.0,616.0,0.0,0.4,0.0,8000.0,0.0,0.4,0.0,196.0,0.0,122.0,0.0,196.0,0.0,122.0,0.0
60,2023,3989,City of Colorado Springs - (CO),CO,WACM,990.0,1139.0,0.5,0.5,14844.0,16786.0,0.5,0.5,231.0,239.0,742.0,881.0,231.0,239.0,742.0,881.0,15.0
61,2023,4003,City of Colton - (CA),CA,CISO,31.0,4064.0,0.0,1.6,542.0,92985.0,0.0,1.6,0.0,0.0,257.0,995.0,0.0,0.0,257.0,995.0,18.61
62,2023,4041,"Columbia Rural Elec Assn, Inc",WA,BPAT,285.0,2292.0,0.1,0.4,5739.0,27071.0,0.1,0.4,87.0,489.0,118.0,240.0,87.0,489.0,145.0,282.0,20.21
63,2023,4045,City of Columbia - (MO),MO,MISO,1828.0,2544.0,0.3,0.6,27420.0,42456.0,0.3,0.6,104.0,371.0,120.0,300.0,104.0,371.0,120.0,300.0,15.0
64,2023,4110,Commonwealth Edison Co,IL,PJM,756720.0,1711286.0,130.0,216.0,9244884.0,19875823.0,130.0,216.0,180076.0,272808.0,54751.0,107565.0,180076.0,272808.0,54751.0,107565.0,12.38
65,2023,4176,Connecticut Light & Power Co,CT,ISNE,153395.0,212049.0,26.0,39.8,1209307.0,1698430.0,26.0,39.8,37990.0,128326.0,14032.0,25529.0,37990.0,128326.0,14032.0,25529.0,7.884
66,2023,4226,Consolidated Edison Co-NY Inc,NY,NYIS,203656.0,468451.0,39.7,79.5,2243469.0,4337936.0,38.7,66.5,51998.0,70988.0,10636.0,17763.0,104728.0,129497.0,12866.0,21320.0,11.02
67,2023,4254,Consumers Energy Co - (MI),MI,MISO,388952.0,661884.0,60.5,89.2,4087437.0,6278253.0,60.5,89.2,42076.0,87812.0,48070.0,102140.0,42076.0,87812.0,48070.0,102140.0,10.509
68,2023,4317,"Coos-Curry Electric Coop, Inc",OR,BPAT,936.0,1232.0,0.1,0.1,25850.0,31591.0,0.1,0.1,272.0,395.0,118.0,240.0,272.0,395.0,145.0,282.0,27.63
69,2023,4363,Corn Belt Power Coop,IA,SWPP,754.0,5093.0,0.2,1.1,9102.0,78724.0,0.2,1.1,47.0,311.0,6.0,73.0,47.0,311.0,6.0,73.0,12.067
70,2023,4401,"Cotton Electric Coop, Inc",OK,SWPP,1686.0,130.0,0.4,0.0,18796.5,1818.0,0.4,0.0,162.0,53.0,118.0,8.0,190.0,92.0,145.0,8.0,12.574
71,2023,4432,Coweta-Fayette El Member Corp,GA,SOCO,1686.0,1523.0,0.4,1.3,18796.5,15226.0,0.4,1.3,162.0,51.0,118.0,285.0,190.0,51.0,145.0,285.0,0.0
72,2023,4442,PUD No 1 of Cowlitz County,WA,BPAT,1677.0,73420.0,0.2,8.5,19376.0,747648.0,0.2,8.5,302.0,3416.0,178.0,715.0,302.0,3416.0,178.0,715.0,11.555
73,2023,4671,Custer Public Power District,NE,SWPP,165.0,491.0,0.0,0.1,1813.0,6301.0,0.0,0.1,6.0,66.0,5.0,18.0,6.0,66.0,5.0,18.0,11.0
74,2023,4683,City of Cuyahoga Falls - (OH),OH,PJM,6.0,229.0,0.0,0.1,97.0,3435.0,0.0,0.1,3.0,15.0,0.0,0.0,3.0,15.0,0.0,0.0,15.0
75,2023,4743,"Consumers Power, Inc",OR,BPAT,78.0,816.0,0.0,0.2,758.0,11599.0,0.0,0.2,14.0,274.0,8.0,81.0,14.0,274.0,8.0,81.0,10.0
76,2023,4794,City of Danville - (VA),VA,PJM,232.0,470.0,0.1,0.2,3253.0,7458.0,0.1,0.2,16.0,76.0,118.0,175.0,16.0,76.0,145.0,175.0,14.0
77,2023,4911,Dawson Power District,NE,SWPP,683.0,1960.0,0.1,0.3,8107.0,27707.0,0.1,0.3,51.0,344.0,27.0,69.0,51.0,344.0,27.0,69.0,11.878
78,2023,5027,Delmarva Power,MD,PJM,37030.0,53170.0,15.1,18.2,476724.0,559430.0,15.1,18.2,11143.0,15083.0,4885.0,8943.0,11143.0,15083.0,4885.0,8943.0,12.9
79,2023,5063,City of Denton - (TX),TX,ERCO,1686.0,334.0,0.4,0.1,18796.5,5010.0,0.4,0.1,162.0,273.0,118.0,40.0,190.0,273.0,145.0,40.0,12.574
80,2023,5070,Delaware Electric Cooperative,DE,PJM,242.0,916.0,0.0,25.0,1620.0,4399.0,0.0,13.0,968.0,1313.0,108.0,142.0,968.0,1313.0,108.0,142.0,10.0
81,2023,5109,DTE Electric Company,MI,MISO,624402.0,877809.0,147.2,196.9,7441958.0,8752275.0,130.2,168.0,0.0,0.0,87533.0,178916.0,0.0,0.0,87533.0,178916.0,9.83
82,2023,5175,Dixie Electric Power Assn - (MS),MS,MISO,1686.0,2661.0,0.4,0.1,18796.5,7240.0,0.4,0.1,162.0,4.0,118.0,463.0,190.0,4.0,145.0,463.0,12.574
83,2023,5204,Dixie Electric Coop - (AL),AL,SOCO,1686.0,15.0,0.4,0.75,18796.5,146.0,0.4,0.8,162.0,6.0,118.0,240.0,190.0,6.0,145.0,282.0,12.574
84,2023,5416,"Duke Energy Carolinas, LLC",NC,DUK,177044.0,577869.0,29.3,102.2,2486143.0,4369289.0,29.3,102.2,23289.0,41924.0,11508.0,27598.0,23289.0,41924.0,11508.0,27598.0,14.043
85,2023,5416,"Duke Energy Carolinas, LLC",SC,DUK,62688.0,204611.0,10.4,36.2,546288.0,1213070.0,10.4,36.2,8246.0,14845.0,4075.0,9772.0,8246.0,14845.0,4075.0,9772.0,8.714
86,2023,5417,Dunn County Electric Coop,WI,MISO,106.0,545.0,0.0,0.0,1413.0,9920.0,0.0,0.0,1.0,65.0,2.0,101.0,1.0,65.0,2.0,101.0,13.328
87,2023,5487,Duquesne Light Co,PA,PJM,63340.0,100680.0,12.5,17.9,561549.0,910793.0,12.5,17.9,10310.0,13360.0,5662.0,12079.0,10310.0,13360.0,5662.0,12079.0,9.712
88,2023,5580,"East Kentucky Power Coop, Inc",KY,PJM,1686.0,5276.0,0.4,2.3,18796.5,94826.0,0.4,2.3,162.0,1044.0,118.0,169.0,190.0,1044.0,145.0,169.0,12.574
89,2023,5605,Eastern Iowa Light & Power Coop,IA,MISO,235.0,529.0,0.0,0.1,3050.0,8591.0,0.0,0.1,3.0,100.0,0.0,23.0,3.0,100.0,0.0,23.0,13.0
90,2023,5701,El Paso Electric Co,NM,EPE,10890.0,17515.0,1.8,3.5,29253.0,108161.0,1.8,3.5,1145.0,2796.0,1137.0,2091.0,1145.0,2796.0,1137.0,2091.0,12.0
91,2023,5701,El Paso Electric Co,TX,EPE,15353.0,20828.0,3.5,5.5,226298.0,300539.0,3.5,5.5,920.0,2146.0,106.0,172.0,920.0,2146.0,106.0,172.0,15.0
92,2023,5729,Electrical Dist No8 Maricopa,AZ,AZPS,1686.0,2631.5,0.4,0.75,18796.5,30374.0,0.4,0.8,162.0,443.0,118.0,35.0,190.0,487.0,145.0,35.0,12.574
93,2023,5773,City of Elk River,MN,MISO,488.0,2652.0,0.4,0.75,7207.0,35292.0,0.4,0.8,22.0,150.0,67.0,267.0,22.0,150.0,67.0,267.0,14.78
94,2023,5780,Elkhorn Rural Public Pwr Dist,NE,SWPP,285.0,843.0,0.0,0.1,3144.0,8763.0,0.0,0.1,12.0,87.0,9.0,33.0,12.0,87.0,9.0,33.0,11.013
95,2023,5832,Elmhurst Mutual Power & Light Co,WA,BPAT,895.0,1099.0,0.2,0.2,11010.0,14528.0,0.2,0.2,104.0,180.0,118.0,240.0,104.0,180.0,145.0,282.0,12.31
96,2023,5860,Empire District Electric Co,MO,SWPP,11653.0,13291.0,0.6,0.9,141941.0,162959.0,0.6,1.0,1845.0,2158.0,225.0,611.0,1845.0,2158.0,225.0,611.0,13.181
97,2023,5862,"Empire Electric Assn, Inc",CO,WACM,205.0,1871.0,0.1,0.2,2698.0,27580.0,0.1,0.2,8.0,347.0,0.0,0.0,8.0,347.0,0.0,0.0,17.99
98,2023,5930,Village of Fairport - (NY),NY,NYIS,231.0,2409.0,0.6,21.8,2776.0,24552.0,0.6,21.9,88.0,440.0,10.0,47.0,88.0,440.0,10.0,47.0,12.0
99,2023,6022,City of Eugene - (OR),OR,BPAT,7778.0,14320.0,1.0,1.8,133004.0,233797.0,1.0,1.8,434.0,2845.0,0.0,539.0,434.0,2845.0,0.0,539.0,17.1
100,2023,6198,"Farmers Electric Coop, Inc - (NM)",NM,SWPP,1686.0,88.0,0.4,0.2,18796.5,88.0,0.4,0.2,162.0,16.0,118.0,0.0,190.0,16.0,145.0,0.0,12.574
101,2023,6374,Fitchburg Gas & Elec Light Co,MA,ISNE,3030.0,5408.0,0.4,1.1,24873.0,37849.0,0.4,1.1,1047.0,2109.0,516.0,979.0,1047.0,2109.0,516.0,979.0,8.209
102,2023,6395,Flathead Electric Coop Inc,MT,BPAT,5364.0,15720.0,0.4,0.75,75042.0,225963.0,0.4,0.8,730.0,2108.0,118.0,240.0,190.0,487.0,145.0,282.0,13.99
103,2023,6452,Florida Power & Light Co,FL,FPL,47245.0,79568.0,11.0,23.0,1021469.0,1462877.0,11.0,23.0,1873.0,6493.0,1194.0,6318.0,1873.0,6493.0,1194.0,6318.0,22.0
104,2023,6455,"Duke Energy Florida, LLC",FL,FPC,9744.0,57628.0,4.7,27.9,126022.0,702535.0,4.7,27.9,553.0,9565.0,2072.0,9344.0,553.0,9565.0,2072.0,9344.0,12.9
105,2023,6457,Florida Public Utilities Co,FL,JEA,0.0,190.0,0.0,0.2,0.0,1898.0,0.0,0.2,0.0,83.0,25.0,83.0,0.0,83.0,25.0,83.0,10.0
106,2023,6604,City of Fort Collins - (CO),CO,PSCO,6095.0,30858.0,0.4,1.0,39112.0,156363.0,0.4,1.0,945.0,3901.0,344.0,1433.0,945.0,3901.0,344.0,1433.0,6.4
107,2023,6616,Fort Pierce Utilities Authority,FL,Unknown,1686.0,120.0,0.4,0.0,18796.5,1895.0,0.4,0.0,162.0,25.0,118.0,2.0,190.0,25.0,145.0,2.0,12.574
108,2023,6640,Four County Elec Member Corp,NC,CPLE,1686.0,28560.0,0.4,1.3,18796.5,334790.0,0.4,1.3,162.0,14.0,118.0,454.0,190.0,14.0,145.0,454.0,12.574
109,2023,6716,PUD No 1 of Franklin County,WA,BPAT,2310.0,10876.0,0.4,2.0,27857.0,124933.0,0.3,1.2,282.0,1162.0,0.0,0.0,282.0,1162.0,0.0,0.0,12.06
110,2023,6782,Freeborn Mower Electric Cooperative,MN,MISO,3658.0,6284.0,0.3,0.4,50805.0,90421.0,0.3,0.4,134.0,474.0,58.0,360.0,134.0,474.0,58.0,360.0,13.889
111,2023,6784,French Broad Elec Member Corp,NC,CPLE,65.0,5476.0,0.0,1.1,650.0,25000.0,0.0,1.1,162.0,443.0,5.0,107.0,190.0,487.0,5.0,107.0,12.0
112,2023,6909,Gainesville Regional Utilities,FL,GVL,1686.0,718.0,0.4,0.1,18796.5,10770.0,0.4,0.1,162.0,797.0,118.0,240.0,190.0,797.0,145.0,282.0,12.574
113,2023,7004,"Buckeye Power, Inc",OH,PJM,5012.0,6222.0,0.9,1.3,35321.0,56446.0,0.9,1.3,198.0,737.0,0.0,0.0,198.0,737.0,0.0,0.0,7.0
114,2023,7140,Georgia Power Co,GA,SOCO,159333.0,278502.0,24.3,37.8,4313600.0,5093031.0,92.6,104.4,13166.0,27460.0,12835.0,25520.0,289844.0,495994.0,198028.0,334853.0,11.975
115,2023,7264,"Glades Electric Coop, Inc",FL,SEC,4.0,58.0,0.0,0.0,50.0,715.0,0.0,0.0,0.0,0.0,1.0,44.0,0.0,0.0,1.0,44.0,12.0
116,2023,7294,City of Glendale - (CA),CA,LDWP,8599.0,18622.0,1.4,3.6,103185.0,133531.0,1.4,3.6,3933.0,6536.0,256.0,347.0,3933.0,6536.0,256.0,347.0,12.0
117,2023,7353,Golden Valley Elec Assn Inc,AK,Unknown,1686.0,15.0,0.4,0.0,18796.5,641.0,0.4,0.0,162.0,0.0,118.0,2.0,190.0,0.0,145.0,13.0,12.574
118,2023,7483,City of Grand Haven - (MI),MI,MISO,372.0,1085.0,0.0,0.1,3464.0,8589.0,0.0,0.1,21.0,98.0,82.0,180.0,21.0,98.0,82.0,180.0,6.53
119,2023,7548,PUD No 1 of Grays Harbor County,WA,BPAT,615.0,3216.0,0.1,0.4,6770.0,41937.0,0.1,0.4,138.0,974.0,11.0,298.0,138.0,974.0,11.0,298.0,11.0
120,2023,7563,Grand Valley Power,CO,PSCO,1686.0,10.0,0.4,0.0,18796.5,108.0,0.4,0.0,162.0,0.0,118.0,2.0,190.0,0.0,145.0,2.0,12.574
121,2023,7570,Great River Energy,MN,MISO,29823.0,63271.0,4.9,16.7,406492.0,955703.0,4.9,16.7,1757.0,5416.0,1206.0,5371.0,1757.0,5416.0,1206.0,5371.0,13.63
122,2023,7634,City of Greenville - (TX),TX,ERCO,1686.0,3.0,0.4,0.0,18796.5,3.0,0.4,0.0,162.0,2.0,118.0,0.0,190.0,2.0,145.0,0.0,12.574
123,2023,7716,Groton Dept of Utilities - (CT),CT,ISNE,2001.0,2164.0,0.2,0.2,16524.0,18710.0,0.2,0.2,567.0,1371.0,261.0,282.0,567.0,1371.0,261.0,282.0,8.3
124,2023,7785,"Gulf Coast Electric Coop, Inc",FL,SOCO,1686.0,170.0,0.4,1.3,18796.5,1696.0,0.4,1.3,162.0,34.0,118.0,11.0,190.0,34.0,145.0,11.0,12.574
125,2023,8319,Heartland Power Coop,IA,MISO,233.0,1399.0,0.0,0.2,4436.0,22541.0,0.0,0.2,16.0,64.0,0.0,1.0,16.0,64.0,0.0,1.0,19.082
126,2023,8333,Haywood Electric Member Corp,NC,DUK,1686.0,2631.5,0.4,0.75,18796.5,2280.0,0.4,2.3,162.0,2.0,118.0,240.0,190.0,2.0,145.0,282.0,12.574
127,2023,8449,Henderson City Utility Comm,KY,MISO,36.0,182.0,0.0,0.0,5223.0,25920.0,0.0,0.0,2.0,33.0,0.0,0.0,39.0,791.0,164.0,164.0,10.0
128,2023,8566,High Plains Power Inc,WY,WACM,206.0,275.0,0.0,0.0,2470.0,3505.0,0.0,0.0,0.0,17.0,0.0,0.0,39.0,67.0,0.0,0.0,12.0
129,2023,8570,Highline Electric Assn,CO,WACM,53.0,958.0,0.0,0.2,637.0,13054.0,0.0,0.2,0.0,81.0,118.0,240.0,0.0,81.0,145.0,282.0,12.0
130,2023,8570,Highline Electric Assn,NE,WACM,0.0,208.0,0.0,0.1,18796.5,3335.0,0.4,0.1,162.0,25.0,118.0,240.0,190.0,25.0,145.0,282.0,12.574
131,2023,8620,"HILCO Electric Cooperative, Inc.",TX,ERCO,1686.0,380.0,0.4,0.1,18796.5,380.0,0.4,0.1,162.0,37.0,118.0,240.0,190.0,37.0,145.0,282.0,12.574
132,2023,8699,Inland Power & Light Company,ID,BPAT,91.0,102.0,0.0,0.0,365.0,403.0,0.0,0.0,2.0,3.0,0.0,0.0,2.0,3.0,0.0,0.0,2.568
133,2023,8699,Inland Power & Light Company,WA,BPAT,3149.0,3665.0,0.4,0.4,15755.0,21770.0,0.4,0.4,1316.0,1546.0,118.0,240.0,1316.0,1546.0,145.0,282.0,14.03
134,2023,8723,City of Holland,MI,MISO,3443.0,13675.0,0.5,3.9,51645.0,162852.0,0.5,3.9,300.0,1244.0,158.0,475.0,300.0,1244.0,158.0,475.0,15.0
135,2023,8773,"Holy Cross Electric Assn, Inc",CO,PSCO,2142.0,4322.0,0.8,1.9,29129.0,55561.0,0.8,1.9,203.0,1064.0,45.0,234.0,203.0,1064.0,45.0,234.0,13.6
136,2023,8774,City of Holyoke - (MA),MA,ISNE,39.0,140.0,0.0,0.1,975.0,3500.0,0.0,0.1,0.0,130.0,600.0,976.0,0.0,130.0,600.0,976.0,25.0
137,2023,8901,CenterPoint Energy,TX,ERCO,107252.0,185068.0,24.0,59.6,1486911.0,2682888.0,24.0,59.6,13577.0,30529.0,1349.0,2656.0,13577.0,30529.0,1349.0,2656.0,13.967
138,2023,9187,City of Idaho Falls - (ID),ID,PACE,3263.0,4070.0,0.6,0.7,38656.0,47812.0,0.6,0.7,650.0,1211.0,0.0,0.0,650.0,1211.0,0.0,0.0,11.85
139,2023,9191,Idaho Power Co,ID,IPCO,37782.0,136928.0,4.3,15.6,491162.0,1580746.0,4.3,15.6,3933.0,14456.0,4070.0,15138.0,3933.0,14456.0,4070.0,15138.0,13.0
140,2023,9191,Idaho Power Co,OR,IPCO,1137.0,2554.0,0.1,0.3,14776.0,30722.0,0.1,0.3,152.0,312.0,222.0,704.0,152.0,312.0,222.0,704.0,13.0
141,2023,9216,Imperial Irrigation District,CA,IID,21701.0,28738.0,1.6,5.7,434017.0,501216.0,1.6,5.7,824.0,2422.0,908.0,3875.0,824.0,2422.0,908.0,3875.0,20.0
142,2023,9231,City of Independence - (MO),MO,SWPP,0.0,384.0,0.0,0.4,0.0,4528.0,0.0,0.3,111.0,170.0,118.0,24.0,111.0,170.0,145.0,24.0,12.574
143,2023,9234,Indiana Municipal Power Agency,IN,MISO,11.0,31.0,0.0,0.0,55.0,155.0,0.0,0.0,2.0,4.0,118.0,240.0,2.0,4.0,145.0,282.0,5.0
144,2023,9267,"Hoosier Energy R E C, Inc",IN,MISO,1691.0,4850.0,0.3,1.9,19391.0,75955.0,0.3,1.9,153.0,1531.0,118.0,240.0,153.0,1531.0,145.0,282.0,11.467
145,2023,9273,AES Indiana,IN,MISO,115808.0,177107.0,16.4,27.0,1508978.0,1809956.0,16.4,27.0,13985.0,17432.0,7552.0,21272.0,13985.0,17432.0,7552.0,21272.0,13.03
146,2023,9286,Illinois Municipal Elec Agency,IL,MISO,1686.0,5154.0,0.4,0.8,18796.5,20615.0,0.4,0.8,162.0,847.0,118.0,46.0,190.0,847.0,145.0,46.0,12.574
147,2023,9324,Indiana Michigan Power Co,IN,PJM,72326.0,93352.0,12.0,21.7,660701.0,871950.0,12.0,21.7,4008.0,4408.0,3957.0,5443.0,4008.0,4408.0,3957.0,5443.0,9.1
148,2023,9324,Indiana Michigan Power Co,MI,PJM,25802.0,37526.0,6.0,7.8,134934.0,219693.0,6.0,7.8,1564.0,2166.0,1384.0,2610.0,1564.0,2166.0,1384.0,2610.0,5.2
149,2023,9417,Interstate Power and Light Co,IA,MISO,18801.0,70628.0,3.1,11.4,211849.0,556769.0,3.1,11.4,1953.0,7179.0,1796.0,10380.0,1953.0,7179.0,1796.0,10380.0,11.268
150,2023,9576,Jackson County Rural E M C - (IN),IN,MISO,1686.0,410.0,0.4,0.2,18796.5,4099.0,0.4,0.2,162.0,147.0,118.0,131.0,190.0,147.0,145.0,131.0,12.574
151,2023,9601,Jackson Electric Member Corp - (GA),GA,SOCO,826.0,3087.0,0.2,0.8,4289.0,23158.0,0.2,0.9,0.0,2450.0,0.0,0.0,0.0,2450.0,0.0,0.0,5.0
152,2023,9617,JEA,FL,JEA,13934.0,40180.0,3.0,7.8,178477.0,398699.0,0.6,2.5,929.0,2096.0,454.0,1752.0,929.0,2096.0,454.0,1752.0,12.81
153,2023,9689,Jefferson Electric Member Corp,GA,SOCO,563.0,3473.0,0.4,0.75,5955.0,30374.0,0.4,0.8,162.0,443.0,10.0,45.0,190.0,487.0,47.0,795.0,19.0
154,2023,9699,"Jemez Mountains Elec Coop, Inc",NM,WALC,371.0,714.0,0.1,0.1,4454.0,9574.0,0.1,0.1,18.0,73.0,118.0,240.0,18.0,73.0,145.0,282.0,12.0
155,2023,9726,Jersey Central Power & Lt Co,NJ,PJM,73131.0,179915.0,14.0,26.1,932503.0,2299439.0,14.0,26.1,26269.0,42955.0,6472.0,18889.0,26269.0,42955.0,6472.0,18889.0,12.751
156,2023,9750,"Jo-Carroll Energy, Inc",IL,MISO,701.0,1093.0,0.0,0.1,9146.0,15284.0,0.0,0.1,15.0,64.0,118.0,240.0,15.0,64.0,145.0,282.0,13.046
157,2023,9778,Johnson County Rural E M C,IN,MISO,1686.0,529.0,0.4,0.1,18796.5,8331.0,0.4,0.1,162.0,92.0,118.0,240.0,190.0,92.0,145.0,282.0,12.574
158,2023,9996,City of Kansas City - (KS),KS,SWPP,0.0,198.0,0.0,0.4,0.0,1980.0,0.0,0.4,0.0,145.0,0.0,0.0,0.0,145.0,0.0,0.0,12.574
159,2023,10000,Evergy Metro,MO,SWPP,22342.0,32120.0,4.5,7.6,261741.0,359214.0,4.5,7.6,3414.0,6559.0,1419.0,3674.0,3414.0,6559.0,1419.0,3674.0,11.7
160,2023,10066,K C Electric Association,CO,WACM,244.0,528.0,0.1,0.1,2929.0,7202.0,0.1,0.1,10.0,79.0,118.0,240.0,10.0,79.0,145.0,282.0,12.0
161,2023,10071,Kauai Island Utility Cooperative,HI,Unknown,679.0,2450.0,0.6,1.5,10936.0,43791.0,0.6,1.9,114.0,413.0,27.0,97.0,114.0,413.0,27.0,97.0,14.27
162,2023,10171,Kentucky Utilities Co,KY,LGEE,20633.0,22940.0,4.0,4.0,412655.0,458794.0,4.0,4.0,1.0,1.0,1.0,7.0,1.0,1.0,1.0,7.0,20.0
163,2023,10376,Kissimmee Utility Authority,FL,Unknown,141.0,357.0,79.9,79.9,1694.0,4646.0,79.9,79.9,9.0,94.0,0.0,0.0,9.0,94.0,7.0,246.0,12.044
164,2023,10393,PUD No 1 of Klickitat County,WA,BPAT,451.0,1821.0,0.4,0.75,5603.0,23003.0,0.4,0.8,77.0,340.0,118.0,240.0,77.0,340.0,145.0,282.0,12.43
165,2023,10454,Kootenai Electric Cooperative,ID,AVA,151.0,319.0,0.0,0.1,1857.0,4932.0,0.0,0.1,30.0,112.0,34.0,72.0,30.0,112.0,34.0,72.0,12.333
166,2023,10539,"La Plata Electric Assn, Inc",CO,WACM,1172.0,3876.0,0.2,0.5,14063.0,54787.0,0.2,0.5,108.0,1235.0,0.0,0.0,108.0,1235.0,0.0,0.0,12.0
167,2023,10623,City of Lakeland - (FL),FL,FMPP,476.0,2407.0,0.2,1.3,2857.0,24382.0,0.5,1.8,27.0,441.0,0.0,0.0,27.0,441.0,0.0,0.0,14.045
168,2023,10627,Lakeview Light & Power,WA,BPAT,517.0,563.0,0.1,0.1,6681.0,7202.0,0.1,0.1,86.0,91.0,118.0,240.0,86.0,91.0,145.0,282.0,12.0
169,2023,10681,Lane Electric Coop Inc,OR,BPAT,98.0,278.0,0.0,0.1,1352.0,4557.0,0.0,0.1,24.0,170.0,118.0,240.0,24.0,170.0,145.0,282.0,13.79
170,2023,10704,City of Lansing - (MI),MI,MISO,14756.0,29493.0,2.2,4.8,191824.0,368804.0,2.8,6.0,1230.0,2014.0,669.0,1548.0,1230.0,2014.0,669.0,1548.0,13.0
171,2023,10857,"Lee County Electric Coop, Inc - (FL)",FL,FPL,0.0,56562.0,0.0,0.0,0.0,452496.0,0.0,0.0,0.0,0.0,0.0,74.0,0.0,0.0,0.0,74.0,0.0
172,2023,10868,City of Leesburg - (FL),FL,FPC,1686.0,35.0,0.4,0.0,18796.5,510.0,0.4,0.0,162.0,20.0,118.0,0.0,190.0,20.0,145.0,0.0,12.574
173,2023,10879,Lehi City Corporation,UT,PACE,1686.0,52.0,0.4,0.75,18796.5,632.0,0.4,0.8,162.0,4.0,118.0,240.0,190.0,4.0,145.0,282.0,12.574
174,2023,10944,PUD No 1 of Lewis County,WA,BPAT,1279.0,5772.0,1.9,4.0,16004.0,69158.0,1.9,4.0,372.0,1392.0,96.0,357.0,372.0,1392.0,96.0,357.0,12.51
175,2023,10967,City of Lexington - (NE),NE,SWPP,2.0,197.0,0.0,0.0,29.0,2555.0,0.0,0.0,0.0,61.0,0.0,19.0,0.0,61.0,0.0,19.0,14.996
176,2023,11018,Lincoln Electric System,NE,SWPP,1535.0,10091.0,0.5,2.9,18420.0,121092.0,0.5,2.9,190.0,2154.0,81.0,244.0,190.0,2154.0,81.0,244.0,12.0
177,2023,11053,Linn County REC,IA,MISO,465.0,751.0,0.2,0.3,7203.0,12351.0,0.2,0.3,43.0,199.0,3.0,27.0,43.0,199.0,3.0,27.0,15.49
178,2023,11124,City of Lodi - (CA),CA,CISO,901.0,1219.0,0.1,0.2,9550.0,12835.0,0.1,0.2,155.0,383.0,6.0,90.0,155.0,383.0,6.0,90.0,10.965
179,2023,11135,City of Logan - (UT),UT,PACE,13.0,27.0,0.0,0.0,127.0,634.0,0.2,0.2,1.0,4.0,5.0,6.0,1.0,4.0,5.0,6.0,10.0
180,2023,11171,Long Island Power Authority,NY,NYIS,53016.0,223037.0,15.1,34.3,848248.0,3166445.0,15.0,34.0,19960.0,53724.0,9007.0,31830.0,19960.0,53724.0,9007.0,31830.0,16.0
181,2023,11187,City of Longmont,CO,PSCO,3580.0,4125.0,0.5,0.5,45397.0,52563.0,0.5,0.5,1182.0,1631.0,377.0,709.0,1182.0,1631.0,377.0,709.0,12.682
182,2023,11208,Los Angeles Department of Water & Power,CA,LDWP,116171.0,145661.0,18.6,29.3,1101239.0,1422710.0,18.6,29.3,48070.0,67752.0,22505.0,48607.0,48070.0,67752.0,22505.0,48607.0,11.237
183,2023,11241,Entergy Louisiana LLC,LA,MISO,32634.0,73363.0,3.4,11.2,454663.0,1048309.0,3.4,11.2,3021.0,7511.0,2114.0,4742.0,3021.0,7511.0,2114.0,4742.0,14.198
184,2023,11249,Louisville Gas & Electric Co,KY,LGEE,33386.0,36225.0,5.9,5.9,667712.0,724487.0,5.9,5.9,1.0,1.0,1.0,7.0,1.0,1.0,1.0,7.0,20.0
185,2023,11251,Loup River Public Power Dist,NE,SWPP,623.0,1735.0,0.1,0.3,6879.0,19250.0,0.1,0.3,29.0,275.0,27.0,82.0,29.0,295.0,27.0,82.0,11.047
186,2023,11256,City of Loveland - (CO),CO,PSCO,3676.0,5009.0,0.6,0.9,48794.0,58021.0,0.6,0.9,1187.0,1561.0,335.0,823.0,1187.0,1561.0,335.0,823.0,13.275
187,2023,11291,Lumbee River Elec Member Corp,NC,CPLE,1686.0,4983.0,0.4,0.75,18796.5,5418.0,0.4,0.8,162.0,1.0,118.0,1.0,190.0,1.0,145.0,1.0,12.574
188,2023,11475,City of Madison - (SD),SD,MISO,1686.0,2.0,0.4,0.0,18796.5,1542.0,0.4,0.0,162.0,1.0,118.0,0.0,190.0,68.0,145.0,0.0,12.574
189,2023,11501,Magic Valley Electric Coop Inc,TX,ERCO,1686.0,45.0,0.4,2.1,18796.5,195.0,0.4,2.1,162.0,10.0,118.0,240.0,190.0,10.0,145.0,282.0,12.574
190,2023,11571,Manitowoc Public Utilities,WI,MISO,1686.0,52.0,0.4,0.0,18796.5,52.0,0.4,0.0,162.0,16.0,118.0,0.0,190.0,16.0,145.0,0.0,12.574
191,2023,11646,City of Marietta - (GA),GA,SOCO,1686.0,72.0,0.4,0.0,18796.5,776.0,0.4,0.0,162.0,5.0,118.0,3.0,190.0,0.0,145.0,34.0,12.574
192,2023,11701,City of Marquette - (MI),MI,MISO,0.0,39.0,0.0,0.0,0.0,136.0,0.0,0.0,0.0,5.0,9.0,13.0,0.0,5.0,9.0,13.0,0.0
193,2023,11731,City of Marshall - (MN),MN,MISO,341.0,689.0,0.1,0.2,6783.0,9842.0,0.1,0.2,29.0,67.0,11.0,35.0,29.0,67.0,11.0,35.0,19.88
194,2023,11804,Massachusetts Electric Co,MA,ISNE,90303.0,216931.0,14.1,53.8,750113.0,1412398.0,14.1,53.8,41.0,247.0,28.0,88.0,41.0,247.0,28.0,88.0,8.31
195,2023,11811,Town of Massena - (NY),NY,NYIS,121.0,276.0,0.0,0.0,1937.0,2805.0,0.0,0.0,5.0,20.0,81.0,96.0,5.0,20.0,81.0,96.0,14.26
196,2023,12087,McKenzie Electric Coop Inc,ND,SWPP,1686.0,2631.5,0.4,0.75,18796.5,30374.0,0.4,0.8,162.0,1.0,118.0,240.0,190.0,1.0,145.0,282.0,12.574
197,2023,12187,City of McMinnville - (OR),OR,BPAT,313.0,2476.0,0.1,0.5,3607.0,41457.0,0.1,0.5,67.0,765.0,9.0,70.0,67.0,765.0,9.0,70.0,11.667
198,2023,12199,Montana-Dakota Utilities Co,MT,SWPP,413.0,419.0,0.0,0.0,5865.0,5923.0,0.0,0.0,36.0,37.0,118.0,240.0,36.0,37.0,145.0,282.0,10.0
199,2023,12312,Merced Irrigation District,CA,CISO,262.0,268.0,0.0,0.0,262.0,268.0,0.0,0.0,21.0,34.0,118.0,240.0,21.0,34.0,145.0,282.0,1.0
200,2023,12341,MidAmerican Energy Co,IA,MISO,52828.0,109312.0,10.1,24.9,1004490.0,1358714.0,10.5,19.1,8271.0,14552.0,3426.0,6087.0,8271.0,14552.0,3426.0,6087.0,19.01
201,2023,12341,MidAmerican Energy Co,IL,MISO,4545.0,14083.0,0.7,3.3,56288.0,97390.0,0.7,1.4,635.0,1466.0,231.0,581.0,635.0,1466.0,231.0,581.0,12.39
202,2023,12390,Metropolitan Edison Co,PA,PJM,19981.0,88476.0,3.3,12.8,261234.0,1110551.0,3.3,12.8,5369.0,13551.0,1540.0,6111.0,5369.0,13551.0,1540.0,6111.0,13.074
203,2023,12395,Menard Electric Coop,IL,MISO,1686.0,22.0,0.4,0.0,18796.5,330.0,0.4,0.0,162.0,2.0,118.0,0.0,190.0,2.0,145.0,0.0,12.574
204,2023,12450,Midland Power Coop,IA,MISO,9.0,489.0,0.0,0.1,70.0,9510.0,0.0,0.1,20.0,143.0,2.0,68.0,20.0,143.0,2.0,68.0,15.0
205,2023,12478,Town of Middletown - (DE),DE,PJM,423.0,438.0,0.1,0.1,6210.0,6296.0,0.1,0.1,22.0,28.0,34.0,45.0,22.0,28.0,34.0,45.0,14.67
206,2023,12539,Midwest Electric Member Corp - (NE),NE,WACM,53.0,961.0,0.0,0.4,637.0,15486.0,0.0,0.5,3.0,137.0,118.0,240.0,3.0,137.0,145.0,282.0,12.0
207,2023,12647,"ALLETE, Inc.",MN,MISO,48555.0,67342.0,4.3,6.5,639718.0,913973.0,2.8,4.4,2618.0,4568.0,3370.0,5178.0,2618.0,4568.0,3370.0,5178.0,13.175
208,2023,12685,Entergy Mississippi LLC,MS,MISO,29354.0,57872.0,5.8,10.8,369399.0,641581.0,5.8,10.8,5480.0,11799.0,2267.0,5441.0,5480.0,11799.0,2267.0,5441.0,12.584
209,2023,12686,Mississippi Power Co,MS,SOCO,11792.0,25662.0,3.1,6.7,112262.0,182862.0,3.1,6.7,1298.0,2888.0,580.0,1956.0,1298.0,2888.0,580.0,1956.0,9.52
210,2023,12692,"Missoula Electric Coop, Inc",MT,BPAT,146.0,940.0,0.1,0.4,3761.0,10029.0,0.0,0.0,29.0,191.0,15.0,224.0,75.0,406.0,79.0,497.0,12.0
211,2023,12698,Evergy Missouri West,MO,SWPP,12857.0,27184.0,2.8,7.0,156674.0,297526.0,2.8,7.0,2220.0,5296.0,1528.0,3720.0,2220.0,5296.0,1528.0,3720.0,12.2
212,2023,12744,Modern Electric Water Company,WA,AVA,319.0,348.0,0.1,0.1,3827.0,4573.0,0.1,0.1,52.0,63.0,54.0,59.0,52.0,63.0,54.0,59.0,12.0
213,2023,12745,Modesto Irrigation District,CA,BANC,2985.0,5534.0,0.2,0.6,44779.0,81825.0,0.2,0.6,254.0,834.0,383.0,769.0,254.0,834.0,383.0,769.0,14.999
214,2023,12825,NorthWestern Energy LLC - (MT),MT,NWMT,42937.0,55590.0,0.0,0.0,606024.0,791417.0,0.0,0.0,2685.0,3606.0,3474.0,7411.0,2685.0,3606.0,3474.0,7411.0,14.11
215,2023,12894,City of Moorhead - (MN),MN,SWPP,119.0,993.0,0.0,0.2,1533.0,14227.0,0.0,0.2,6.0,61.0,6.0,64.0,6.0,61.0,6.0,64.0,12.855
216,2023,13050,"Mountain Parks Electric, Inc",CO,WACM,316.0,558.0,0.1,0.1,3789.0,7310.0,0.1,0.1,12.0,62.0,0.0,0.0,12.0,62.0,0.0,0.0,12.0
217,2023,13058,"Mountain View Elec Assn, Inc",CO,WACM,341.0,1608.0,0.1,0.3,4090.0,22724.0,0.1,0.3,21.0,254.0,4.0,20.0,21.0,254.0,4.0,20.0,12.0
218,2023,13143,Board of Water Electric & Communications,IA,MISO,45.0,143.0,0.0,0.0,586.0,2079.0,0.0,0.0,10.0,50.0,118.0,240.0,22.0,80.0,145.0,282.0,13.058
219,2023,13208,City of Naperville - (IL),IL,PJM,1686.0,158.0,0.4,4.0,18796.5,4608.0,0.4,4.0,162.0,4.0,118.0,7.0,190.0,273.0,145.0,14.0,12.574
220,2023,13214,The Narragansett Electric Co,RI,ISNE,49629.0,113814.0,7.2,16.1,404480.0,816521.0,7.2,16.1,28824.0,73910.0,6301.0,21931.0,28824.0,73910.0,6301.0,21931.0,8.15
221,2023,13337,Nebraska Public Power District,NE,SWPP,2223.0,3384.0,0.4,0.5,24774.0,41933.0,0.4,0.5,114.0,402.0,103.0,127.0,114.0,402.0,103.0,127.0,11.143
222,2023,13407,Nevada Power Co,NV,NEVP,149431.0,240200.0,36.2,70.4,1593813.0,2354376.0,36.2,70.4,5434.0,12113.0,8867.0,20235.0,5434.0,12113.0,8867.0,20235.0,10.7
223,2023,13441,New Hampshire Elec Coop Inc,NH,ISNE,3744.0,5489.0,0.5,0.7,42508.0,68790.0,0.5,0.7,959.0,3294.0,332.0,956.0,959.0,3294.0,332.0,956.0,11.35
224,2023,13478,"Entergy New Orleans, LLC",LA,MISO,26473.0,69212.0,3.9,11.6,355803.0,607510.0,3.9,11.6,2873.0,8497.0,4763.0,8339.0,2873.0,8497.0,4763.0,8339.0,13.968
225,2023,13511,New York State Elec & Gas Corp,NY,NYIS,47803.0,150407.0,7.9,19.5,596770.0,1750878.0,7.9,19.5,8926.0,31026.0,1583.0,6946.0,8926.0,31026.0,1583.0,6946.0,15.0
226,2023,13519,City of Newark - (DE),DE,PJM,620.0,728.0,0.4,0.75,9003.0,9782.0,0.4,0.8,31.0,36.0,118.0,240.0,700.0,775.0,145.0,282.0,10.0
227,2023,13573,Niagara Mohawk Power Corp.,NY,NYIS,109658.0,349037.0,23.1,38.5,1318708.0,3138105.0,23.1,38.5,21844.0,58848.0,3490.0,10489.0,21844.0,58848.0,3490.0,10489.0,12.0
228,2023,13630,North Carolina Mun Power Agny #1,NC,DUK,987.0,1745.0,0.5,1.1,9740.0,18048.0,0.5,1.0,154.0,279.0,37.0,179.0,154.0,279.0,37.0,179.0,9.872
229,2023,13664,Norris Public Power District,NE,SWPP,927.0,1853.0,0.1,0.3,10203.0,24104.0,0.1,0.3,55.0,359.0,47.0,90.0,55.0,359.0,47.0,90.0,11.009
230,2023,13676,"North Arkansas Elec Coop, Inc",AR,MISO,1686.0,182.0,0.4,0.2,18796.5,3318.0,0.4,0.2,162.0,443.0,118.0,1048.0,190.0,487.0,145.0,7792.0,12.574
231,2023,13687,North Carolina Eastern M P A,NC,CPLE,60.0,502.0,0.2,0.5,180.0,3557.0,0.1,0.4,0.0,14.0,40.0,180.0,0.0,14.0,40.0,180.0,3.0
232,2023,13725,City of North Platte,NE,SWPP,131.0,233.0,0.0,0.1,1446.0,2321.0,0.0,0.1,7.0,33.0,5.0,9.0,7.0,33.0,5.0,9.0,11.0
233,2023,13756,Northern Indiana Pub Serv Co,IN,MISO,76272.0,113908.0,9.5,45.2,1056254.0,1249456.0,6.4,9.9,8119.0,11846.0,3351.0,7213.0,8119.0,11846.0,3351.0,7213.0,13.848
234,2023,13780,Northern States Power Co,MI,MISO,163.0,1599.0,0.1,0.1,2078.0,14858.0,0.1,0.1,36.0,205.0,76.0,171.0,36.0,205.0,76.0,171.0,12.75
235,2023,13780,Northern States Power Co,WI,MISO,1686.0,2631.5,0.4,0.75,18796.5,30374.0,0.4,0.8,529.0,1178.0,636.0,759.0,529.0,1178.0,636.0,759.0,12.574
236,2023,13781,Northern States Power Co - Minnesota,MN,MISO,256535.0,635203.0,46.5,110.3,4588350.0,11207075.0,46.5,110.3,28000.0,51472.0,17445.0,42847.0,28000.0,51472.0,17445.0,42847.0,17.886
237,2023,13781,Northern States Power Co - Minnesota,SD,MISO,1609.0,6535.0,0.4,4.3,22525.0,86563.0,0.4,4.3,118.0,250.0,33.0,95.0,118.0,250.0,33.0,95.0,14.0
238,2023,13788,Northern Wasco County PUD,OR,BPAT,355.0,1429.0,0.1,0.3,5468.0,32170.0,1.0,1.2,82.0,639.0,0.0,0.0,82.0,639.0,0.0,0.0,15.42
239,2023,13798,Northwest Iowa Power Coop,IA,SWPP,1686.0,4692.0,0.3,0.5,27568.0,91249.0,0.2,0.4,384.0,1582.0,118.0,240.0,384.0,1582.0,145.0,282.0,15.0
240,2023,13839,City of Norwood - (MA),MA,ISNE,308.0,552.0,0.0,0.0,3078.0,4966.0,0.0,0.0,146.0,560.0,16.0,152.0,1455.0,2014.0,160.0,302.0,10.0
241,2023,13936,Oakdale Electric Coop,WI,MISO,0.0,999.0,0.0,0.1,0.0,15941.0,0.0,0.1,0.0,48.0,0.0,43.0,0.0,48.0,0.0,43.0,0.0
242,2023,13998,Ohio Edison Co,OH,PJM,3353.0,14229.0,0.6,2.2,33224.0,139856.0,0.6,2.2,150.0,2927.0,182.0,2553.0,150.0,2927.0,182.0,2553.0,9.909
243,2023,14063,Oklahoma Gas & Electric Co,AR,SWPP,19951.0,30701.0,3.5,6.1,215198.0,376615.0,2.5,4.4,2029.0,4263.0,2492.0,4407.0,2029.0,4263.0,2492.0,4407.0,12.0
244,2023,14063,Oklahoma Gas & Electric Co,OK,SWPP,85086.0,228515.0,13.1,37.5,912003.0,2626251.0,10.5,30.0,4911.0,21912.0,4193.0,14074.0,4911.0,21912.0,4193.0,14074.0,11.0
245,2023,14109,"Oregon Trail El Cons Coop, Inc",OR,BPAT,1690.0,3857.0,0.1,0.4,16760.0,67248.0,0.1,0.4,228.0,950.0,24.0,54.0,228.0,950.0,24.0,54.0,14.158
246,2023,14127,Omaha Public Power District,NE,SWPP,8776.0,12608.0,2.4,4.3,115847.0,159107.0,2.4,4.2,687.0,2014.0,144.0,189.0,687.0,2014.0,144.0,189.0,13.2
247,2023,14154,Orange & Rockland Utils Inc,NY,NYIS,29457.0,79155.0,7.3,13.0,415054.0,1025243.0,7.3,13.0,4383.0,8539.0,1069.0,2836.0,4383.0,8539.0,1069.0,2836.0,14.1
248,2023,14232,Otter Tail Power Co,MN,MISO,34292.0,51684.0,6.5,19.6,505972.0,701322.0,6.5,19.6,3572.0,4954.0,1300.0,2769.0,3572.0,4954.0,1300.0,2769.0,14.755
249,2023,14232,Otter Tail Power Co,SD,MISO,5508.0,6647.0,0.7,1.0,83969.0,104045.0,0.7,1.0,318.0,431.0,91.0,117.0,318.0,431.0,91.0,117.0,15.245
250,2023,14246,City of Owatonna - (MN),MN,MISO,740.0,3907.0,0.1,0.6,7404.0,39068.0,0.1,0.6,93.0,304.0,26.0,178.0,93.0,304.0,26.0,178.0,10.0
251,2023,14328,Pacific Gas & Electric Co.,CA,CISO,721474.0,1718664.0,138.0,331.0,9236358.0,18751269.0,148.0,352.0,9795.0,41258.0,86414.0,247704.0,9795.0,41258.0,86414.0,247704.0,12.8
252,2023,14354,PacifiCorp,CA,PACW,114.0,1210.0,0.0,0.2,656.0,6759.0,0.0,0.2,9.0,477.0,68.0,664.0,9.0,477.0,68.0,664.0,5.77
253,2023,14354,PacifiCorp,ID,PACE,6197.0,16858.0,1.3,3.4,88615.0,161087.0,1.3,3.4,732.0,1845.0,1299.0,2834.0,732.0,1845.0,1299.0,2834.0,14.3
254,2023,14354,PacifiCorp,UT,PACE,137747.0,326446.0,19.9,47.1,1804485.0,3342306.0,19.9,47.1,19074.0,39429.0,13554.0,26737.0,19074.0,39429.0,13554.0,26737.0,13.1
255,2023,14354,PacifiCorp,WA,PACW,32049.0,48410.0,4.4,6.7,349914.0,520117.0,4.4,6.7,5802.0,11011.0,3832.0,9301.0,5802.0,11011.0,3832.0,9301.0,10.918
256,2023,14354,PacifiCorp,WY,PACE,12871.0,43693.0,1.7,5.6,160627.0,380803.0,1.7,5.6,1636.0,3336.0,2930.0,5291.0,1636.0,3336.0,2930.0,5291.0,12.48
257,2023,14401,City of Palo Alto - (CA),CA,CISO,265.0,627.0,0.0,0.1,3373.0,9201.0,0.0,0.1,116.0,368.0,259.0,872.0,116.0,368.0,259.0,872.0,12.7
258,2023,14468,People's Cooperative Services,MN,MISO,2366.0,4757.0,0.1,0.2,28226.0,58846.0,0.1,0.2,32.0,194.0,17.0,237.0,32.0,194.0,17.0,237.0,11.93
259,2023,14534,City of Pasadena - (CA),CA,CISO,4753.0,11026.0,0.9,1.0,32899.0,43070.0,0.9,1.0,1372.0,2582.0,379.0,1262.0,1372.0,2582.0,379.0,1262.0,9.93
260,2023,14537,Pascoag Utility District,RI,ISNE,1.0,51.0,0.0,0.0,11.0,641.0,0.0,0.0,11.0,102.0,5.0,47.0,11.0,102.0,5.0,47.0,18.0
261,2023,14563,Pearl River Valley El Pwr Assn,MS,MISO,1686.0,446.0,0.4,0.2,18796.5,7868.0,0.4,0.2,162.0,82.0,118.0,92.0,190.0,82.0,145.0,92.0,12.574
262,2023,14606,"Peace River Electric Coop, Inc",FL,SEC,143.0,328.0,0.0,0.0,1425.0,4112.0,0.0,0.0,162.0,443.0,175.0,328.0,190.0,487.0,175.0,328.0,12.37
263,2023,14610,Orlando Utilities Comm,FL,FMPP,8226.0,28236.0,1.5,2.3,123559.0,172800.0,1.5,2.3,413.0,1197.0,324.0,1394.0,413.0,1197.0,324.0,1394.0,15.02
264,2023,14624,PUD No 2 of Grant County,WA,GCPD,735.0,813.0,0.1,0.1,8685.0,11040.0,0.1,0.1,40.0,63.0,32.0,60.0,42.0,66.0,32.0,60.0,12.855
265,2023,14668,Peninsula Light Company,WA,BPAT,469.0,1577.0,0.4,0.5,5631.0,26692.0,0.4,0.5,45.0,592.0,24.0,200.0,45.0,592.0,24.0,200.0,12.0
266,2023,14711,Pennsylvania Electric Co,PA,PJM,26515.0,79121.0,5.0,11.9,331831.0,927003.0,5.0,11.9,6204.0,13665.0,2158.0,5998.0,6204.0,13665.0,2158.0,5998.0,12.515
267,2023,14715,PPL Electric Utilities Corp,PA,PJM,107991.0,203117.0,18.3,31.2,1511877.0,2537859.0,27.0,50.0,14472.0,29244.0,7164.0,20417.0,14472.0,29244.0,7164.0,20417.0,14.0
268,2023,14716,Pennsylvania Power Co,PA,PJM,6520.0,20950.0,1.1,3.4,85056.0,264134.0,1.1,3.4,1886.0,4436.0,605.0,2010.0,1886.0,4436.0,605.0,2010.0,13.045
269,2023,14717,Pee Dee Electric Member Corp,NC,CPLE,1686.0,80.0,0.4,5.0,18796.5,184.0,0.4,5.0,162.0,7.0,118.0,240.0,190.0,7.0,145.0,282.0,12.574
270,2023,14940,PECO Energy Co,PA,PJM,192752.0,302048.0,36.7,55.7,1753686.0,2788888.0,31.0,66.0,33987.0,49729.0,21.0,33.0,56043.0,76312.0,37.0,51.0,10.0
271,2023,15023,Piedmont Electric Member Corp,NC,DUK,290.0,1321.0,1.0,2.0,4123.0,5839.0,1.0,2.0,9.0,64.0,2.0,15.0,9.0,64.0,2.0,15.0,17.0
272,2023,15231,City of Port Angeles - (WA),WA,BPAT,256.0,539.0,0.2,0.4,2560.0,5389.0,0.2,0.4,44.0,168.0,118.0,240.0,44.0,168.0,145.0,282.0,10.0
273,2023,15257,"Poudre Valley REA, Inc",CO,WACM,1880.0,4614.0,0.7,1.0,26337.0,67165.0,0.7,1.0,109.0,751.0,0.0,0.0,109.0,751.0,0.0,0.0,16.51
274,2023,15263,The Potomac Edison Company,MD,PJM,57500.0,142457.0,10.1,22.9,791485.0,1473816.0,10.1,22.9,16053.0,33537.0,22369.0,48358.0,16053.0,33537.0,22369.0,48358.0,13.765
275,2023,15270,Potomac Electric Power Co,MD,PJM,98756.0,178989.0,20.1,31.9,1128526.0,1453091.0,20.1,31.9,27087.0,43102.0,14582.0,22592.0,27087.0,43102.0,14582.0,22592.0,11.4
276,2023,15296,New York Power Authority,NY,NYIS,19206.0,19206.0,1.2,1.2,289589.0,289589.0,1.2,1.2,0.0,0.0,78.0,78.0,0.0,0.0,78.0,78.0,15.0
277,2023,15340,Presque Isle Elec & Gas Coop,MI,MISO,560.0,1285.0,0.1,0.3,6925.0,14959.0,0.1,0.3,56.0,428.0,60.0,214.0,56.0,428.0,60.0,214.0,12.377
278,2023,15344,Polk-Burnett Electric Coop,WI,MISO,181.0,721.0,0.0,0.1,2716.0,13108.0,0.0,0.1,12.0,230.0,0.0,0.0,12.0,230.0,0.0,0.0,15.006
279,2023,15419,PUD No 3 of Mason County,WA,BPAT,509.0,1732.0,0.5,1.7,6527.0,29661.0,0.5,1.7,94.0,570.0,0.0,0.0,94.0,570.0,0.0,0.0,12.0
280,2023,15466,Public Service Co of Colorado,CO,PSCO,311016.0,614178.0,69.7,132.7,7105433.0,10515605.0,69.7,132.7,34428.0,61255.0,24119.0,45409.0,34428.0,61255.0,24119.0,45409.0,22.846
281,2023,15470,"Duke Energy Indiana, LLC",IN,MISO,79445.0,197306.0,12.4,29.7,1104412.0,1533745.0,12.4,29.7,10454.0,12424.0,7015.0,16506.0,10454.0,12424.0,7015.0,16506.0,13.9
282,2023,15472,Public Service Co of NH,NH,ISNE,54973.0,63798.0,8.3,9.8,485924.0,621160.0,8.0,9.2,13810.0,31294.0,3051.0,6148.0,13810.0,31294.0,3051.0,6148.0,8.84
283,2023,15473,Public Service Co of NM,NM,PNM,19678.0,91544.0,3.8,15.9,177105.0,790109.0,3.0,14.6,3257.0,12790.0,2580.0,10654.0,3257.0,12790.0,2580.0,10654.0,9.0
284,2023,15474,Public Service Co of Oklahoma,OK,SWPP,37265.0,969376.0,64.9,70.1,991372.0,2514223.0,64.9,70.1,9219.0,20953.0,4722.0,12314.0,9219.0,20953.0,4722.0,12314.0,26.6
285,2023,15477,Public Service Elec & Gas Co,NJ,PJM,490981.0,772848.0,78.8,99.5,6499579.0,9593948.0,78.8,99.5,178735.0,372401.0,72647.0,139832.0,178735.0,372401.0,72647.0,139832.0,13.24
286,2023,15500,Puget Sound Energy Inc,WA,PSEI,142635.0,258108.0,16.4,38.2,1768898.0,3103773.0,16.4,38.2,36262.0,71398.0,13195.0,28988.0,36262.0,71398.0,13195.0,28988.0,12.4
287,2023,15671,Randolph Electric Member Corp,NC,CPLE,43.0,43.0,0.4,0.75,1169.0,1169.0,0.4,0.8,6.0,6.0,118.0,240.0,6.0,6.0,145.0,282.0,15.0
288,2023,15700,Rayle Electric Membership Corp,GA,SOCO,1686.0,2631.5,0.4,0.75,18796.5,30374.0,0.4,0.8,162.0,1.0,118.0,240.0,190.0,48.0,145.0,282.0,12.574
289,2023,15748,Town of Reading - (MA),MA,ISNE,0.0,242.0,0.0,0.1,0.0,2444.0,0.0,0.1,0.0,35.0,0.0,3.0,0.0,35.0,0.0,3.0,12.574
290,2023,15783,City of Redding - (CA),CA,Unknown,0.0,6.0,0.0,0.0,0.0,92.0,0.0,0.0,162.0,309.0,118.0,117.0,190.0,309.0,145.0,117.0,0.0
291,2023,15979,City of Richland - (WA),WA,BPAT,3153.0,7626.0,0.6,1.4,32261.0,88852.0,0.6,1.4,250.0,1487.0,118.0,240.0,250.0,1487.0,145.0,282.0,10.56
292,2023,16060,Riverland Energy Cooperative,WI,MISO,1090.0,1815.0,0.2,0.2,15340.0,26612.0,0.2,0.2,26.0,105.0,0.0,0.0,26.0,105.0,0.0,0.0,14.074
293,2023,16088,City of Riverside - (CA),CA,CISO,6293.0,10277.0,0.7,1.2,64776.0,156509.0,0.7,1.2,1939.0,3122.0,118.0,240.0,1939.0,3122.0,145.0,282.0,10.29
294,2023,16101,Roanoke Electric Member Corp,NC,PJM,1686.0,149.0,0.4,0.0,18796.5,1788.0,0.4,0.0,162.0,0.0,118.0,0.0,190.0,0.0,145.0,0.0,12.574
295,2023,16181,Rochester Public Utilities,MN,MISO,9905.0,17985.0,1.5,2.6,131783.0,231291.0,1.5,2.6,857.0,1772.0,226.0,572.0,857.0,1772.0,226.0,572.0,10.0
296,2023,16183,Rochester Gas & Electric Corp,NY,NYIS,32169.0,87083.0,3.7,9.9,379587.0,985757.0,3.7,9.9,4185.0,10668.0,1086.0,3382.0,4185.0,10668.0,1086.0,3382.0,15.0
297,2023,16213,Rockland Electric Co,NJ,PJM,6877.0,15885.0,1.6,2.0,98705.0,182200.0,22.4,28.3,2223.0,2806.0,2298.0,3802.0,2223.0,2806.0,2298.0,3802.0,14.6
298,2023,16295,City of Roseville - (CA),CA,BANC,2854.0,21093.0,0.8,1.0,32103.0,109550.0,0.8,1.0,705.0,3153.0,410.0,2029.0,705.0,3153.0,410.0,2029.0,11.502
299,2023,16534,Sacramento Municipal Util Dist,CA,BANC,21838.0,99965.0,3.3,15.0,254972.0,1389841.0,3.3,15.0,9224.0,23748.0,6824.0,23111.0,9224.0,23748.0,6824.0,23111.0,13.007
300,2023,16555,Salem Electric - (OR),OR,BPAT,1088.0,1619.0,6.8,11.1,14688.0,26503.0,6.8,11.1,155.0,487.0,41.0,180.0,155.0,487.0,41.0,180.0,13.5
301,2023,16572,Salt River Project,AZ,SRP,159901.0,605506.0,29.0,144.0,2641688.0,5409897.0,29.0,144.0,13460.0,29305.0,7785.0,15881.0,13460.0,29305.0,7785.0,15881.0,16.52
302,2023,16603,"San Luis Valley R E C, Inc",CO,WACM,1686.0,211.0,0.4,0.0,18796.5,2804.0,0.4,0.0,162.0,36.0,118.0,240.0,190.0,36.0,145.0,282.0,12.574
303,2023,16604,City of San Antonio - (TX),TX,ERCO,93528.0,161034.0,17.8,36.1,1003063.0,2044410.0,17.8,36.1,11930.0,41016.0,448.0,3243.0,11930.0,41016.0,448.0,3243.0,10.72
304,2023,16606,"Santee Electric Coop, Inc",SC,SC,1686.0,213.0,0.4,0.75,18796.5,2556.0,0.4,0.8,162.0,443.0,118.0,14.0,190.0,487.0,145.0,173.0,12.574
305,2023,16609,San Diego Gas & Electric Co,CA,CISO,252999.0,524256.0,42.7,99.7,3452832.0,6498996.0,25.2,58.9,9866.0,14933.0,25869.0,39156.0,9866.0,14933.0,25869.0,39156.0,13.648
306,2023,16612,City & County of San Francisco,CA,CISO,487.0,487.0,0.1,0.1,7299.0,7299.0,0.1,0.1,117.0,117.0,38.0,38.0,117.0,117.0,38.0,38.0,15.0
307,2023,16622,"San Miguel Power Assn, Inc",CO,WACM,53.0,1218.0,0.0,0.1,1514.0,3592.0,0.0,0.1,1.0,17.0,118.0,240.0,1.0,17.0,145.0,282.0,12.0
308,2023,16655,City of Santa Clara - (CA),CA,CISO,15409.0,15510.0,2.2,2.2,207956.0,209129.0,2.0,2.0,1188.0,1205.0,1952.0,2351.0,1188.0,1205.0,1952.0,2351.0,14.984
309,2023,16674,Satilla Rural Elec Member Corporation,GA,SOCO,1686.0,15.0,0.4,0.1,18796.5,1143.0,0.4,0.1,162.0,1.0,118.0,4.0,190.0,39.0,145.0,51.0,12.574
310,2023,16740,Scenic Rivers Energy Coop,WI,MISO,20.0,352.0,0.0,0.6,195.0,5514.0,0.0,0.6,1.0,70.0,0.0,51.0,1.0,70.0,0.0,51.0,9.759
311,2023,16865,Sawnee Electric Membership Corporation,GA,SOCO,68.0,987.0,0.0,1.0,276.0,9284.0,0.0,1.0,3.0,76.0,0.0,77.0,3.0,76.0,0.0,77.0,15.0
312,2023,16868,City of Seattle - (WA),WA,SCL,44485.0,68286.0,8.2,12.4,535023.0,736793.0,6.7,10.0,6439.0,9035.0,13191.0,20159.0,6439.0,9035.0,13191.0,20159.0,12.027
313,2023,16971,Shakopee Public Utilities Comm,MN,MISO,349.0,7137.0,0.1,1.3,2790.0,55162.0,0.1,1.2,25.0,765.0,0.0,120.0,25.0,765.0,0.0,120.0,8.0
314,2023,17166,Sierra Pacific Power Co,NV,NEVP,35390.0,50980.0,4.8,9.1,447501.0,475869.0,3.9,7.1,1597.0,3953.0,2800.0,6350.0,1597.0,3953.0,2800.0,6350.0,12.6
315,2023,17252,Singing River Elec Cooperative,MS,MISO,1686.0,400.0,0.4,0.2,18796.5,6371.0,0.4,0.2,162.0,86.0,118.0,122.0,190.0,86.0,145.0,122.0,12.574
316,2023,17267,Sioux Valley SW Elec Coop,MN,SWPP,53.0,204.0,0.2,0.2,924.0,4215.0,0.2,0.2,3.0,24.0,0.0,0.0,3.0,72.0,0.0,0.0,22.0
317,2023,17267,Sioux Valley SW Elec Coop,SD,SWPP,159.0,1258.0,0.0,0.1,2772.0,26776.0,0.0,0.1,9.0,250.0,0.0,0.0,9.0,627.0,0.0,0.0,22.0
318,2023,17470,PUD No 1 of Snohomish County,WA,BPAT,14203.0,45786.0,3.2,10.5,160118.0,512605.0,2.0,7.6,3041.0,9825.0,1114.0,3599.0,3041.0,9855.0,1114.0,3599.0,11.274
319,2023,17539,"Dominion Energy South Carolina, Inc",SC,SCEG,70903.0,109120.0,16.1,26.3,850832.0,1272233.0,5.0,13.7,7903.0,19187.0,4270.0,7338.0,7903.0,19187.0,4270.0,7338.0,12.0
320,2023,17543,South Carolina Public Service Authority,SC,SC,4134.0,7603.0,0.8,1.8,49480.0,118906.0,0.8,1.8,315.0,1687.0,289.0,847.0,315.0,1687.0,289.0,847.0,11.968
321,2023,17572,South River Elec Member Corp,NC,CPLE,1686.0,1075.0,0.4,0.3,18796.5,15626.0,0.4,0.3,162.0,4.0,118.0,240.0,190.0,150.0,145.0,282.0,12.574
322,2023,17599,Southeastern Indiana R E M C,IN,MISO,128.0,388.0,0.0,0.1,4542.0,20069.0,0.0,0.0,8.0,36.0,0.0,0.0,230.0,1529.0,0.0,0.0,2.0
323,2023,17609,Southern California Edison Co,CA,CISO,88133.0,217393.0,3.0,19.3,845686.0,1177033.0,3.0,19.3,11657.0,22703.0,106954.0,137325.0,11657.0,22703.0,106954.0,137325.0,9.6
324,2023,17612,Bear Valley Electric Service,CA,CISO,1686.0,33.0,0.4,0.0,18796.5,380.0,0.4,0.0,162.0,88.0,118.0,20.0,190.0,88.0,145.0,20.0,12.574
325,2023,17633,Southern Indiana Gas & Elec Co,IN,MISO,20512.0,40301.0,3.8,8.0,254457.0,460688.0,3.8,8.0,1853.0,3884.0,1918.0,5419.0,1853.0,3884.0,1918.0,5419.0,12.4
326,2023,17637,Southern Maryland Elec Coop Inc,MD,PJM,20692.0,75042.0,3.4,20.8,232639.0,524784.0,3.4,20.8,4187.0,12210.0,2213.0,9239.0,4187.0,12210.0,24786.0,62726.0,11.2
327,2023,17642,Southern Public Power District,NE,SWPP,81.0,710.0,0.0,0.1,894.0,9435.0,0.0,0.1,4.0,132.0,1.0,25.0,4.0,132.0,1.0,25.0,11.0
328,2023,17647,Southern Pine Electric Cooperative,MS,MISO,1686.0,584.0,0.4,0.3,18796.5,10339.0,0.4,0.3,162.0,94.0,118.0,1.0,190.0,94.0,145.0,1.0,12.574
329,2023,17698,Southwestern Electric Power Co,AR,SWPP,21570.0,38667.0,11.4,15.3,336670.0,581996.0,11.4,15.3,2333.0,5532.0,2245.0,4576.0,2333.0,5532.0,2245.0,4576.0,15.6
330,2023,17698,Southwestern Electric Power Co,LA,SWPP,4373.0,16472.0,1.6,4.4,109606.0,256399.0,1.6,4.4,1162.0,3096.0,263.0,696.0,1162.0,3096.0,263.0,696.0,25.06
331,2023,17698,Southwestern Electric Power Co,TX,SWPP,8925.0,13361.0,6.2,8.6,153915.0,246071.0,6.2,8.6,1629.0,3471.0,231.0,498.0,1629.0,3471.0,231.0,498.0,17.2
332,2023,17718,Southwestern Public Service Co,NM,SWPP,8184.0,77147.0,1.2,12.1,139025.0,1267410.0,1.2,12.1,615.0,6393.0,5058.0,16424.0,615.0,6393.0,5058.0,16424.0,16.987
333,2023,17718,Southwestern Public Service Co,TX,SWPP,17049.0,25397.0,2.1,4.7,236157.0,338637.0,2.1,4.7,1792.0,4243.0,32.0,142.0,1792.0,4243.0,87.0,267.0,13.851
334,2023,17828,City of Springfield - (IL),IL,MISO,1949.0,2357.0,0.5,0.9,29241.0,35169.0,0.5,0.9,88.0,178.0,58.0,142.0,88.0,178.0,58.0,142.0,15.0
335,2023,17832,Snapping Shoals El Member Corp,GA,SOCO,2679.0,20208.0,0.8,5.4,38004.0,353222.0,0.7,5.1,2.0,62.0,4.0,108.0,16.0,2905.0,230.0,4101.0,25.0
336,2023,17833,City Utilities of Springfield - (MO),MO,SWPP,475.0,1112.0,0.1,2.1,4752.0,12852.0,0.1,2.1,47.0,455.0,0.0,96.0,47.0,455.0,0.0,96.0,12.0
337,2023,17839,City of Springfield - (OR),OR,BPAT,573.0,1561.0,0.1,0.5,7193.0,21888.0,0.1,0.5,118.0,628.0,137.0,373.0,118.0,628.0,137.0,373.0,12.564
338,2023,17896,City of Shasta Lake - (CA),CA,BANC,13.0,210.0,0.0,0.0,161.0,2063.0,0.0,0.0,12.0,138.0,1.0,56.0,12.0,138.0,1.0,56.0,12.0
339,2023,18087,Town of Sterling - (MA),MA,ISNE,0.0,0.0,0.0,0.0,18796.5,0.0,0.4,0.0,0.0,1.0,0.0,7.0,190.0,1.0,145.0,7.0,12.574
340,2023,18252,City of Sturgis - (MI),MI,PJM,707.0,1045.0,0.1,0.1,11438.0,12224.0,0.1,0.1,102.0,142.0,72.0,97.0,102.0,142.0,72.0,97.0,17.27
341,2023,18280,Sulphur Springs Valley E C Inc,AZ,WALC,1686.0,516.0,0.4,8.5,18796.5,5158.0,0.4,14.1,162.0,57.0,118.0,14.0,190.0,57.0,145.0,14.0,12.574
342,2023,18304,"Sumter Electric Coop, Inc",FL,SEC,1686.0,189.0,0.4,0.0,18796.5,2453.0,0.4,0.0,162.0,443.0,118.0,362.0,190.0,487.0,145.0,362.0,12.574
343,2023,18339,Surry-Yadkin Elec Member Corp,NC,DUK,1686.0,154.0,0.4,2.8,18796.5,41979.0,0.4,2.7,162.0,12.0,118.0,0.0,190.0,206.0,145.0,0.0,12.574
344,2023,18429,City of Tacoma - (WA),WA,TPWR,9679.0,17543.0,0.0,0.0,9679.0,17543.0,0.4,0.8,1210.0,3665.0,32.0,683.0,1210.0,3665.0,32.0,683.0,1.0
345,2023,18445,City of Tallahassee - (FL),FL,TAL,199.0,7315.0,0.1,1.3,3578.0,98720.0,0.1,1.3,43.0,1018.0,41.0,967.0,43.0,1018.0,41.0,967.0,18.0
346,2023,18449,"Talquin Electric Coop, Inc",FL,SEC,0.0,1004.0,0.0,0.0,0.0,5854.0,0.0,0.0,162.0,443.0,118.0,1.0,190.0,487.0,145.0,1.0,0.0
347,2023,18454,Tampa Electric Co,FL,TEC,30056.0,60876.0,3.0,10.4,522556.0,1149907.0,4.6,11.7,27798.0,33905.0,1408.0,5710.0,27798.0,33905.0,1408.0,5710.0,20.0
348,2023,18488,City of Taunton,MA,ISNE,1686.0,547.0,0.4,0.2,18796.5,547.0,0.4,0.2,162.0,350.0,118.0,61.0,190.0,350.0,145.0,61.0,12.574
349,2023,18498,Taylor County Rural E C C,KY,PJM,1686.0,8.0,0.4,0.4,18796.5,192.0,0.4,0.4,162.0,1.0,118.0,240.0,190.0,1.0,145.0,282.0,12.574
350,2023,18642,Tennessee Valley Authority,AL,TVA,5939.0,14630.0,0.5,1.5,77209.0,195865.0,0.5,1.5,1338.0,1728.0,162.0,1845.0,1338.0,1728.0,162.0,1845.0,13.0
351,2023,18642,Tennessee Valley Authority,GA,TVA,1505.0,2377.0,0.2,0.3,20805.0,31650.0,0.2,0.3,167.0,306.0,44.0,860.0,167.0,306.0,44.0,860.0,14.0
352,2023,18642,Tennessee Valley Authority,KY,TVA,2729.0,4587.0,0.2,0.3,24321.0,36317.0,0.2,0.3,953.0,984.0,104.0,1428.0,953.0,984.0,104.0,1428.0,9.0
353,2023,18642,Tennessee Valley Authority,MS,TVA,8016.0,15397.0,0.7,1.5,113355.0,201007.0,0.7,1.5,1075.0,1330.0,257.0,1954.0,1075.0,1330.0,257.0,1954.0,14.0
354,2023,18642,Tennessee Valley Authority,NC,TVA,486.0,564.0,0.0,0.0,3176.0,3932.0,0.0,0.0,40.0,48.0,8.0,71.0,40.0,48.0,8.0,71.0,7.0
355,2023,18642,Tennessee Valley Authority,TN,TVA,61145.0,96279.0,5.0,10.7,839476.0,1322897.0,5.0,10.7,5426.0,6996.0,2354.0,21552.0,5426.0,6996.0,2354.0,21552.0,14.0
356,2023,18642,Tennessee Valley Authority,VA,TVA,56.0,63.0,0.0,0.0,838.0,915.0,0.0,0.0,2.0,2.0,2.0,4.0,2.0,2.0,2.0,4.0,15.0
357,2023,18917,Tillamook Peoples Utility Dist,OR,BPAT,337.0,2019.0,0.0,0.7,4612.0,22943.0,0.0,0.7,68.0,649.0,43.0,411.0,68.0,649.0,43.0,411.0,13.57
358,2023,18956,Tri-County Elec Member Corp (GA),GA,SOCO,0.0,44.0,0.0,0.0,0.0,44.0,0.0,0.0,0.0,3.0,0.0,0.0,0.0,3.0,0.0,0.0,0.0
359,2023,18997,The Toledo Edison Co,OH,PJM,1061.0,3370.0,0.2,0.5,8765.0,29700.0,0.2,0.5,57.0,1193.0,73.0,820.0,57.0,1193.0,73.0,820.0,8.259
360,2023,19125,City of Traverse City - (MI),MI,MISO,445.0,562.0,0.0,0.0,4892.0,6699.0,0.0,0.0,34.0,61.0,21.0,42.0,34.0,61.0,21.0,42.0,10.43
361,2023,19157,MiEnergy Cooperative,IA,MISO,208.0,1745.0,0.0,0.2,3139.0,25173.0,0.0,0.2,15.0,138.0,2.0,17.0,15.0,138.0,2.0,17.0,15.069
362,2023,19157,MiEnergy Cooperative,MN,MISO,468.0,3919.0,0.1,0.5,7048.0,56532.0,0.1,0.5,34.0,309.0,4.0,38.0,34.0,309.0,4.0,38.0,15.069
363,2023,19161,"Tri-County Electric Coop, Inc (FL)",FL,SEC,0.0,104.0,0.0,0.0,0.0,474.0,0.0,0.0,162.0,443.0,118.0,45.0,190.0,487.0,145.0,45.0,0.0
364,2023,19189,Trico Electric Cooperative Inc,AZ,WALC,1686.0,248.0,0.4,0.3,18796.5,1169.0,0.4,0.3,162.0,47.0,118.0,3.0,190.0,47.0,145.0,3.0,12.574
365,2023,19281,Turlock Irrigation District,CA,TIDC,2732.0,7116.0,0.1,1.2,40584.0,101316.0,0.1,1.2,560.0,1379.0,174.0,423.0,560.0,1379.0,174.0,423.0,15.106
366,2023,19325,Umatilla Electric Coop Assn,OR,BPAT,524.0,20931.0,0.0,1.6,5211.0,156399.0,0.0,1.6,115.0,1118.0,5.0,204.0,115.0,1118.0,5.0,204.0,16.0
367,2023,19390,"UGI Utilities, Inc",PA,PJM,613.0,6143.0,0.2,1.0,8580.0,85995.0,0.2,1.0,43.0,471.0,121.0,710.0,43.0,471.0,121.0,710.0,14.0
368,2023,19396,Tri-County Electric Coop (MI),MI,MISO,0.0,1216.0,0.0,0.3,0.0,15075.0,0.0,0.3,0.0,210.0,0.0,228.0,0.0,210.0,0.0,228.0,0.0
369,2023,19435,Union Electric Membership Corp - (NC),NC,DUK,1686.0,3539.0,0.4,0.75,18796.5,12959.0,0.4,0.8,162.0,3.0,118.0,259.0,190.0,3.0,145.0,259.0,12.574
370,2023,19436,Union Electric Co - (MO),MO,MISO,96014.0,178267.0,30.6,68.7,1389853.0,2454348.0,21.5,40.8,14226.0,35366.0,5946.0,21403.0,14226.0,35366.0,5946.0,21403.0,14.76
371,2023,19446,Duke Energy Kentucky,KY,PJM,10542.0,15081.0,1.4,2.4,146491.0,178653.0,1.4,2.4,723.0,1280.0,722.0,2007.0,723.0,1280.0,722.0,2007.0,13.897
372,2023,19490,United Electric Coop Service Inc - (TX),TX,ERCO,280.0,20651.0,0.0,2.9,4128.0,261000.0,0.0,2.9,7.0,747.0,118.0,207.0,7.0,747.0,145.0,207.0,14.77
373,2023,19497,United Illuminating Co,CT,ISNE,25367.0,33201.0,4.1,7.2,183722.0,263455.0,4.1,7.2,5042.0,28127.0,1334.0,5466.0,5042.0,28127.0,1334.0,5466.0,7.243
374,2023,19499,"United Power, Inc",CO,WACM,3912.0,5834.0,0.7,0.9,47326.0,75926.0,0.7,0.9,242.0,630.0,118.0,240.0,242.0,630.0,145.0,282.0,12.77
375,2023,19545,"Black Hills Power, Inc.",SD,WACM,460.0,484.0,0.1,0.1,6431.0,6746.0,0.1,0.1,84.0,95.0,34.0,36.0,84.0,95.0,34.0,36.0,13.973
376,2023,19578,Upper Peninsula Power Company,MI,MISO,3533.0,18703.0,0.4,2.4,43558.0,168166.0,0.4,2.4,276.0,901.0,828.0,2702.0,276.0,901.0,828.0,2702.0,12.33
377,2023,19728,"UNS Electric, Inc",AZ,TEPC,1586.0,39110.0,5.1,12.0,15656.0,541772.0,5.1,12.0,239.0,1896.0,108.0,1001.0,239.0,1896.0,108.0,1001.0,9.87
378,2023,19790,Verendrye Electric Coop Inc,ND,MISO,162.0,229.0,0.4,0.6,1623.0,2291.0,0.4,0.6,18.0,30.0,18.0,30.0,18.0,30.0,18.0,30.0,10.0
379,2023,19798,City of Vernon,CA,CISO,3029.0,3029.0,0.5,0.5,40528.0,40528.0,0.5,0.5,717.0,717.0,118.0,240.0,717.0,717.0,145.0,282.0,12.0
380,2023,19806,"Victoria Electric Coop, Inc",TX,ERCO,1686.0,2.0,0.4,0.0,18796.5,23.0,0.4,0.0,162.0,1.0,118.0,0.0,190.0,1.0,145.0,0.0,12.574
381,2023,19876,Virginia Electric & Power Co,NC,PJM,3078.0,3729.0,0.5,0.6,32005.0,37737.0,0.5,0.6,453.0,693.0,510.0,975.0,453.0,693.0,510.0,975.0,10.4
382,2023,19876,Virginia Electric & Power Co,VA,PJM,130265.0,196783.0,29.0,35.7,1434354.0,1973543.0,29.0,35.7,20137.0,45153.0,13951.0,32316.0,20137.0,45153.0,13951.0,32316.0,11.0
383,2023,19981,Wake Electric Membership Corp,NC,CPLE,1686.0,1175.0,0.4,1.0,18796.5,1229.0,0.4,1.0,162.0,0.0,118.0,0.0,190.0,0.0,145.0,0.0,12.574
384,2023,20038,Town of Wallingford - (CT),CT,ISNE,656.0,1508.0,0.2,0.4,8538.0,20108.0,0.2,0.4,338.0,1126.0,37.0,124.0,338.0,1126.0,37.0,124.0,13.01
385,2023,20169,Avista Corp,ID,AVA,14049.0,17796.0,246.7,312.5,267125.0,390464.0,246.7,312.5,4514.0,5831.0,991.0,1685.0,4514.0,5831.0,991.0,1685.0,11.41
386,2023,20169,Avista Corp,WA,AVA,45833.0,53807.0,804.9,945.0,121627.0,341184.0,804.9,945.0,14636.0,17334.0,1829.0,3621.0,14636.0,17334.0,1829.0,3621.0,11.606
387,2023,20187,Watertown Municipal Utilities,SD,SWPP,369.0,774.0,0.1,0.1,4587.0,10198.0,0.1,0.1,15.0,42.0,16.0,44.0,15.0,42.0,16.0,44.0,12.421
388,2023,20387,West Penn Power Company,PA,PJM,29429.0,82863.0,5.5,14.3,381701.0,1004022.0,5.5,14.3,6161.0,15587.0,1925.0,6522.0,6161.0,15587.0,1925.0,6522.0,12.97
389,2023,20401,West River Electric Assn Inc,SD,SWPP,7.0,7.0,0.0,0.1,98.0,99.0,0.0,0.1,6.0,12.0,118.0,240.0,6.0,12.0,145.0,282.0,14.0
390,2023,20404,AEP Texas North Company,TX,ERCO,5239.0,9586.0,2.6,4.7,121021.0,195052.0,2.6,4.7,162.0,1644.0,118.0,306.0,162.0,1644.0,118.0,306.0,23.1
391,2023,20477,City of Westerville - (OH),OH,PJM,508.0,508.0,0.1,0.1,2540.0,2540.0,0.1,0.1,60.0,60.0,57.0,57.0,60.0,60.0,57.0,57.0,11.7
392,2023,20481,City of Westfield - (MA),MA,ISNE,835.0,926.0,0.2,0.2,13116.0,14481.0,0.2,0.2,127.0,140.0,33.0,37.0,127.0,140.0,33.0,37.0,15.71
393,2023,20521,Wheeling Power Co,WV,PJM,1686.0,145.0,0.4,0.1,18796.5,1611.0,0.4,0.1,162.0,26.0,118.0,85.0,190.0,26.0,145.0,85.0,12.574
394,2023,20639,"Wild Rice Electric Coop, Inc",MN,MISO,215.0,2037.0,0.0,0.2,5035.0,25176.0,0.0,0.2,12.0,223.0,45.0,223.0,425.0,2123.0,392.0,1962.0,12.7
395,2023,20737,Willmar Municipal Utilities,MN,MISO,82.0,1056.0,0.0,0.2,1018.0,13499.0,0.0,0.2,4.0,58.0,4.0,61.0,4.0,58.0,4.0,61.0,12.428
396,2023,20841,"Wiregrass Electric Coop, Inc",AL,SOCO,1686.0,98.0,0.4,0.1,18796.5,979.0,0.4,0.1,162.0,21.0,118.0,0.0,190.0,309.0,145.0,0.0,12.574
397,2023,20856,Wisconsin Power & Light Co,WI,MISO,1686.0,2631.5,0.4,0.75,18796.5,30374.0,0.4,0.8,162.0,443.0,118.0,240.0,190.0,487.0,145.0,282.0,12.574
398,2023,20858,WPPI Energy,WI,MISO,2762.0,3217.0,0.4,0.4,41437.0,47251.0,0.4,0.4,152.0,514.0,1194.0,2565.0,152.0,514.0,1194.0,2565.0,15.0
399,2023,20885,Withlacoochee River Elec Coop,FL,SEC,1420.0,2322.0,0.0,0.0,17556.0,28715.0,0.0,0.0,0.0,0.0,1358.0,1460.0,0.0,0.0,1358.0,1460.0,12.37
400,2023,20963,Woodruff Electric Coop Corp,AR,MISO,1686.0,2631.5,0.4,4.2,18796.5,30374.0,0.4,4.0,162.0,443.0,118.0,20.0,190.0,487.0,145.0,20.0,12.574
401,2023,20997,Yellowstone Valley Elec Co-op,MT,WAUW,1686.0,360.0,0.4,1.0,18796.5,360.0,0.4,1.0,162.0,15.0,118.0,33.0,190.0,15.0,145.0,40.0,12.574
402,2023,21002,York Electric Coop Inc,SC,DUK,28.0,28.0,0.1,0.1,280.0,280.0,0.1,0.1,162.0,443.0,16.0,16.0,190.0,487.0,16.0,16.0,10.0
403,2023,21013,City of Worthington - (MN),MN,MISO,450.0,1081.0,0.1,0.2,6086.0,14746.0,0.1,0.2,20.0,65.0,21.0,68.0,20.0,65.0,21.0,68.0,13.538
404,2023,21048,Wyandotte Municipal Serv Comm,MI,MISO,849.0,1036.0,0.1,0.2,11770.0,12704.0,0.1,0.1,77.0,111.0,57.0,58.0,77.0,111.0,57.0,58.0,13.56
405,2023,21075,Y-W Electric Assn Inc,CO,WACM,1.0,1.0,0.2,0.2,10.0,11.0,0.2,0.2,26.0,40.0,118.0,240.0,26.0,40.0,145.0,282.0,16.79
406,2023,21111,Perennial Public Power Dist,NE,SWPP,49.0,470.0,0.0,0.1,2498.0,6367.0,0.0,0.1,8.0,58.0,118.0,240.0,10.0,85.0,145.0,282.0,20.0
407,2023,21158,City of Zeeland - (MI),MI,MISO,1867.0,2680.0,0.3,0.3,13028.0,15063.0,0.3,0.4,122.0,243.0,117.0,157.0,122.0,243.0,177.0,217.0,6.98
408,2023,21352,Municipal Energy Agency of NE,CO,WACM,190.0,206.0,0.1,0.2,1149.0,1205.0,0.1,0.1,9.0,16.0,0.0,0.0,30.0,39.0,0.0,0.0,10.0
409,2023,21352,Municipal Energy Agency of NE,IA,MISO,62.0,63.0,0.1,0.1,752.0,758.0,0.1,0.1,4.0,4.0,0.0,0.0,19.0,20.0,0.0,0.0,10.0
410,2023,21352,Municipal Energy Agency of NE,NE,SWPP,452.0,494.0,0.1,0.3,2061.0,2190.0,0.2,0.3,41.0,56.0,0.0,0.0,202.0,222.0,0.0,0.0,10.0
411,2023,21352,Municipal Energy Agency of NE,WY,WACM,1686.0,2631.5,0.4,0.75,18796.5,30374.0,0.1,0.1,162.0,443.0,118.0,240.0,20.0,20.0,145.0,282.0,12.574
412,2023,21538,"Mohave Electric Cooperative, Inc.",AZ,WALC,0.0,1001.0,0.0,0.4,0.0,8946.0,0.0,0.4,0.0,379.0,4.0,138.0,0.0,379.0,4.0,138.0,0.0
413,2023,21632,EnergyUnited Elec Member Corp,NC,DUK,257.0,263.0,13.2,22.0,329.0,451.0,12.7,20.8,11.0,20.0,118.0,240.0,16.0,33.0,145.0,282.0,7.0
414,2023,22053,Kentucky Power Co,KY,PJM,1686.0,0.0,0.4,0.1,18796.5,4.0,0.4,0.1,162.0,443.0,118.0,281.0,190.0,487.0,145.0,281.0,12.574
415,2023,22815,Delta Electric Power Assn,MS,MISO,1686.0,440.0,0.4,0.75,18796.5,440.0,0.4,0.8,162.0,443.0,118.0,240.0,190.0,487.0,145.0,282.0,12.574
416,2023,24211,Tucson Electric Power Co,AZ,TEPC,16879.0,155769.0,2.9,27.4,190845.0,2633635.0,2.9,27.4,4368.0,19467.0,1611.0,10761.0,4368.0,19467.0,1611.0,10761.0,11.3
417,2023,24431,Utah Municipal Power Agency,UT,PACE,128.0,4250.0,0.0,1.2,697.0,23233.0,0.0,1.2,162.0,9.0,43.0,541.0,190.0,9.0,43.0,541.0,20.0
418,2023,24590,Unitil Energy Systems,NH,ISNE,6255.0,12838.0,0.7,1.6,61931.0,104559.0,0.7,1.6,1430.0,3084.0,405.0,873.0,1430.0,3084.0,405.0,873.0,11.56
419,2023,24949,Cass County Elec Coop Inc,ND,MISO,1686.0,19.0,0.4,0.3,18796.5,231.0,0.4,0.3,162.0,20.0,118.0,4.0,190.0,20.0,145.0,4.0,12.574
420,2023,26510,Liberty Utilities (Granite State Electri,NH,ISNE,5148.0,10907.0,0.7,1.5,48882.0,94176.0,0.7,1.5,1935.0,4216.0,561.0,1157.0,1935.0,4216.0,561.0,1157.0,8.54
421,2023,27599,Carroll-White REMC,IN,MISO,1686.0,546.0,0.4,1.5,18796.5,5460.0,0.4,1.4,162.0,55.0,118.0,240.0,190.0,55.0,145.0,282.0,12.574
422,2023,28541,Clatskanie Peoples Util Dist,OR,BPAT,270.0,793.0,0.0,0.2,4047.0,13816.0,0.0,0.2,82.0,897.0,28.0,81.0,82.0,897.0,28.0,81.0,15.0
423,2023,28604,Kerrville Public Utility Board,TX,ERCO,1686.0,503.0,0.4,0.1,18796.5,7541.0,0.4,0.1,162.0,45.0,118.0,60.0,190.0,250.0,145.0,300.0,12.574
424,2023,38084,Great Lakes Energy Coop,MI,MISO,1780.0,3553.0,0.4,0.6,16594.0,40734.0,0.3,0.5,129.0,225.0,282.0,772.0,129.0,225.0,282.0,772.0,12.0
425,2023,40051,Texas-New Mexico Power Co,TX,ERCO,9258.0,16661.0,2.3,5.9,115152.0,268404.0,2.3,5.9,1523.0,4045.0,259.0,740.0,1523.0,4045.0,259.0,740.0,12.438
426,2023,40211,"Wabash Valley Power Assn, Inc",IL,MISO,704.0,869.0,0.0,0.1,10191.0,13491.0,0.0,0.1,66.0,94.0,45.0,120.0,66.0,94.0,45.0,120.0,14.473
427,2023,40211,"Wabash Valley Power Assn, Inc",IN,PJM,317.0,4143.0,0.0,3.9,4072.0,59356.0,0.0,3.9,31.0,269.0,23.0,62.0,31.0,269.0,23.0,62.0,12.863
428,2023,40211,"Wabash Valley Power Assn, Inc",IN,MISO,21421.0,30147.0,4.9,5.9,284914.0,410676.0,4.9,5.9,1022.0,1731.0,145.0,391.0,1022.0,1731.0,145.0,391.0,13.3
429,2023,40211,"Wabash Valley Power Assn, Inc",MO,MISO,445.0,1726.0,0.1,0.2,5852.0,26797.0,0.1,0.2,63.0,199.0,31.0,82.0,63.0,199.0,31.0,82.0,13.155
430,2023,40437,Emerald People's Utility Dist,OR,PACW,430.0,1479.0,0.1,0.4,5501.0,20853.0,0.1,0.4,155.0,728.0,188.0,647.0,155.0,728.0,188.0,647.0,12.8
431,2023,40438,Columbia River Peoples Ut Dist,OR,BPAT,574.0,2217.0,0.1,0.3,6885.0,39743.0,0.1,0.3,87.0,635.0,14.0,56.0,87.0,635.0,14.0,56.0,12.0
432,2023,40575,Utah Associated Mun Power Sys,UT,WALC,0.0,156.0,0.0,0.0,0.0,1591.0,0.0,0.0,0.0,30.0,0.0,0.0,0.0,30.0,0.0,0.0,0.015
433,2023,44372,Oncor Electric Delivery Company LLC,TX,ERCO,83561.0,232556.0,14.9,66.0,1205425.0,2836451.0,11.0,32.0,12419.0,42031.0,1691.0,4737.0,12419.0,42031.0,1691.0,4737.0,14.38
434,2023,54913,NSTAR Electric Company,MA,ISNE,166059.0,180208.0,20.0,23.5,1471195.0,1515985.0,20.0,23.5,56247.0,200041.0,31664.0,79392.0,56247.0,200041.0,31664.0,79392.0,8.86
435,2023,55787,City of Moreno Valley - (CA),CA,CISO,1686.0,955.0,0.4,0.1,18796.5,9555.0,0.4,0.1,162.0,1249.0,118.0,0.0,190.0,1249.0,145.0,0.0,12.574
436,2023,55937,Entergy Texas Inc.,TX,MISO,30299.0,42799.0,7.7,13.2,317611.0,528216.0,7.7,13.2,2595.0,6599.0,183.0,555.0,2595.0,6639.0,183.0,555.0,10.482
437,2023,56146,"Black Hills Colorado Electric, LLC",CO,PSCO,12639.0,17087.0,2.3,3.3,231032.0,272244.0,2.4,3.5,2299.0,2520.0,2024.0,3565.0,2299.0,2520.0,2024.0,3565.0,18.28
438,2023,56692,Marin Clean Energy,CA,CISO,4672.0,5185.0,0.6,0.7,52409.0,56507.0,0.6,0.7,367.0,1017.0,53.0,247.0,367.0,1017.0,53.0,247.0,9.457
439,2023,56697,Ameren Illinois Company,IL,MISO,173614.0,373743.0,22.9,47.8,2565226.0,4588089.0,22.9,47.8,26232.0,64723.0,25142.0,58468.0,26232.0,64723.0,25142.0,58468.0,15.2
440,2023,57156,NYSERDA,NY,NYIS,249691.0,324987.0,11.0,17.2,3954878.0,5156882.0,11.0,17.2,40840.0,108582.0,11602.0,35550.0,40840.0,108582.0,11602.0,35550.0,15.84
441,2023,57201,Energy Trust of Oregon,OR,PGE,203295.0,437793.0,41.0,93.2,2697497.0,5575195.0,34.1,73.3,37358.0,89488.0,38114.0,72926.0,37358.0,89488.0,38114.0,72926.0,13.0
442,2023,57346,Efficiency Maine Trust,ME,ISNE,38455.0,77859.0,5.4,10.8,507513.0,772366.0,5.4,10.8,10458.0,27904.0,3379.0,9012.0,10458.0,27904.0,3379.0,9012.0,13.198
443,2023,57347,Vermont Energy Investment Corporation,VT,ISNE,49530.0,73268.0,8.5,9.9,652329.0,963298.0,8.5,9.9,10240.0,19691.0,11578.0,18980.0,10240.0,19691.0,11578.0,18980.0,13.17
444,2023,57349,Focus on Energy,WI,MISO,179964.0,458493.0,35.7,78.4,3283131.0,7446114.0,35.7,78.4,13144.0,55101.0,11475.0,35261.0,13144.0,55101.0,11475.0,35261.0,18.243
445,2023,57483,Liberty Utilities,CA,CISO,228.0,358.0,0.1,0.2,3217.0,4601.0,0.1,0.2,32.0,99.0,106.0,388.0,32.0,99.0,106.0,388.0,14.1
446,2023,58124,City of Winter Park - (FL),FL,FPC,1686.0,17.0,0.4,0.75,18796.5,166.0,0.4,0.8,162.0,443.0,118.0,4.0,190.0,487.0,145.0,4.0,12.574
447,2023,58127,Cape Light Compact,MA,ISNE,9041.0,16727.0,1.2,1.5,85283.0,211396.0,1.2,1.5,9478.0,49506.0,3667.0,15447.0,9478.0,49506.0,3667.0,15447.0,9.43
448,2023,58128,DC Sustainable Energy Utility,DC,PJM,65704.0,75574.0,18.0,19.4,844070.0,912016.0,18.0,19.4,5154.0,10594.0,3731.0,7671.0,5154.0,10594.0,3731.0,7671.0,12.85
449,2023,58854,Delaware Sustainable Energy Utility,DE,PJM,16527.0,23758.0,0.4,0.75,297488.0,427646.0,0.4,0.8,62332.0,74118.0,118.0,240.0,62332.0,74118.0,145.0,282.0,12.574
450,2023,58855,Hawaii Energy Efficiency Program,HI,Unknown,43594.0,70519.0,5.8,9.3,555673.0,900040.0,5.8,9.3,8285.0,16721.0,4919.0,10003.0,8285.0,16721.0,4919.0,10003.0,12.7
451,2023,59013,PUD No 1 of Jefferson County,WA,BPAT,257.0,910.0,0.3,0.8,110780.0,121423.0,0.3,0.8,65.0,443.0,118.0,240.0,65.0,443.0,145.0,282.0,12.9
452,2023,59118,NJ Clean Energy Program,NJ,PJM,46406.0,60544.0,13.8,15.6,716989.0,956885.0,13.8,15.6,24006.0,63569.0,7457.0,18605.0,24006.0,63569.0,7457.0,18605.0,15.45
453,2023,60631,Upper Michigan Energy Resources Corp.,MI,MISO,1686.0,2631.5,0.4,0.75,18796.5,30374.0,0.4,0.8,162.0,443.0,118.0,240.0,190.0,487.0,145.0,282.0,12.574
454,2023,60868,Redwood Coast Energy Authority,CA,CISO,120.0,170.0,0.0,0.0,205.0,565.0,0.0,0.0,120.0,188.0,167.0,243.0,120.0,188.0,167.0,243.0,12.028
455,2023,61858,San Jose Clean Energy,CA,CISO,2582.0,2611.0,0.5,0.5,17838.0,18052.0,0.5,0.5,856.0,908.0,657.0,781.0,856.0,908.0,657.0,781.0,0.1
456,2023,65352,Umpqua Indian Utility Cooperative,OR,BPAT,67.0,67.0,0.4,0.75,674.0,674.0,0.4,0.8,8.0,8.0,28.0,28.0,40.0,40.0,145.0,282.0,10.0
