"Region Code","Timestamp (Hour Ending)","CAL Demand (MWh)","CAR Demand (MWh)","CENT Demand (MWh)","FLA Demand (MWh)","MIDA Demand (MWh)","MIDW Demand (MWh)","NE Demand (MWh)","NW Demand (MWh)","NY Demand (MWh)","SE Demand (MWh)","SW Demand (MWh)","TEN Demand (MWh)","TEX Demand (MWh)"
US48,"11/14/2023, Eastern Time",691611,563744,692344,626362,2107576,1786185,312104,971718,397633,562619,264765,398027,1013498
US48,"11/15/2023, Eastern Time",713665,569668,690868,602279,2112994,1761964,304842,967988,390690,568137,263709,386699,1015950
US48,"11/16/2023, Eastern Time",700416,541235,695247,539167,2051320,1751746,291561,984335,379487,547364,265445,380468,1026365
US48,"11/17/2023, Eastern Time",697257,516395,684573,624799,1984191,1731525,289009,980080,376382,528725,260408,369404,1037655
US48,"11/18/2023, Eastern Time",661358,483385,665111,591586,1891387,1666729,279053,936675,353161,506397,252923,357694,999078
US48,"11/19/2023, Eastern Time",628562,502724,663028,586361,1951407,1667378,279113,942579,361956,511293,243937,384798,992264
US48,"11/20/2023, Eastern Time",678328,561317,706483,628275,2158437,1814301,312669,1019858,398738,540925,254336,395277,1064964
US48,"11/21/2023, Eastern Time",703841,558182,735003,654197,2200493,1833114,331054,1005618,422208,540862,253164,391005,1048331
US48,"11/22/2023, Eastern Time",698634,531552,742916,648157,2085858,1839220,323371,978080,399455,539261,251600,422916,1088329
US48,"11/23/2023, Eastern Time",625658,528284,691259,583253,1909862,1691361,266827,963025,357208,521905,246522,403443,1040224
US48,"11/24/2023, Eastern Time",623239,521476,719930,544495,1988563,1723479,277504,998912,374717,504482,242269,377972,1000072
US48,"11/25/2023, Eastern Time",628022,547926,737329,558473,2079283,1756509,301671,1036098,385287,535222,243265,388934,1005959
US48,"11/26/2023, Eastern Time",636460,606538,753606,596166,2105459,1785643,304511,1050755,381840,558731,246506,407906,1041199
US48,"11/27/2023, Eastern Time",702368,610037,799169,593435,2292423,2027963,302799,999494,402302,640615,260357,481595,1165402
US48,"11/28/2023, Eastern Time",713976,696282,784554,590236,2510141,2078792,329712,1093352,431182,687875,259223,519563,1104771
US48,"11/29/2023, Eastern Time",724389,754559,750778,620401,2537621,2010143,344051,1117833,441816,739508,257088,515355,1109334
US48,"11/30/2023, Eastern Time",726414,694365,742609,612120,2338235,1926772,327003,1102742,414521,702469,265387,459374,1053554
US48,"12/1/2023, Eastern Time",714985,614472,750875,617443,2243438,1862002,313611,1079517,410305,595758,262973,418767,1035431
US48,"12/2/2023, Eastern Time",666838,511941,735115,650559,1980914,1765000,291746,1026402,378264,521862,256338,371534,1028880
US48,"12/3/2023, Eastern Time",645959,493921,728661,661170,1958894,1743027,305741,1011009,381390,506568,257193,369491,1017010
US48,"12/4/2023, Eastern Time",691809,543929,756612,642634,2175878,1909958,315518,1009775,403910,574144,263513,431372,1052957
US48,"12/5/2023, Eastern Time",698959,601637,758493,584713,2293640,1959892,336047,978614,420938,633295,260052,452756,1071044
US48,"12/6/2023, Eastern Time",712432,650883,763858,562899,2350635,1962553,350099,981342,431962,659080,256510,464158,1065459
US48,"12/7/2023, Eastern Time",705801,693431,735567,594582,2374642,1918496,364016,1017967,442171,706201,259226,484289,1077937
US48,"12/8/2023, Eastern Time",707793,631313,710414,576727,2215864,1819833,337814,1057745,412205,646794,260201,432301,1055819
US48,"12/9/2023, Eastern Time",664170,542308,714267,588721,2026795,1700278,303732,1079348,373711,539881,260967,373467,1040781
US48,"12/10/2023, Eastern Time",671431,509018,745108,602963,2021569,1813375,294209,1027365,376182,539717,263843,406862,1077626
US48,"12/11/2023, Eastern Time",721940,638041,772431,579389,2341265,2028513,323176,1023840,419515,703882,275486,507375,1166528
US48,"12/12/2023, Eastern Time",729723,731383,773995,602567,2406393,2013154,327244,1049438,416767,735153,272083,509437,1112452
US48,"12/13/2023, Eastern Time",733323,704799,759818,592925,2382346,1987696,332745,1059982,422306,707789,274099,480524,1099472
US48,"12/14/2023, Eastern Time",737203,687287,751190,578407,2416016,1939490,346673,1062431,429718,674654,274397,464695,1090329
US48,"12/15/2023, Eastern Time",730018,701611,736958,567264,2302401,1873260,322471,1058917,406664,668381,271492,460698,1064289
US48,"12/16/2023, Eastern Time",682077,638912,717709,567023,2129487,1759924,292542,1035325,376701,605577,260081,432652,1056005
US48,"12/17/2023, Eastern Time",681774,573621,720116,565968,2054607,1764307,306686,1042049,380944,571789,256436,401704,1075684
US48,"12/18/2023, Eastern Time",730847,591033,766864,562718,2249772,2006756,306011,1068911,403894,654681,268478,477654,1095997
US48,"12/19/2023, Eastern Time",727461,735568,799299,613035,2471221,2087746,310803,1028760,428070,754654,266003,543912,1132449
US48,"12/20/2023, Eastern Time",730897,776530,758783,630067,2468318,1992820,331175,1014993,435155,781103,264145,527752,1083616
US48,"12/21/2023, Eastern Time",719621,730879,724100,588387,2396058,1925353,342119,1019437,429908,732929,261258,497499,1048874
US48,"12/22/2023, Eastern Time",697995,662501,693990,570346,2299988,1814311,350325,1029294,436126,629165,269770,447113,1023233
US48,"12/23/2023, Eastern Time",657702,589037,670315,551149,2128685,1656225,332504,1037171,411441,547545,256326,396601,1004696
US48,"12/24/2023, Eastern Time",649819,535596,657216,552169,1962677,1574140,311622,1062450,384835,519573,254400,359437,987297
US48,"12/25/2023, Eastern Time",632231,490227,717626,548169,1883564,1556214,287427,1040003,360649,480532,249626,331613,1031785
US48,"12/26/2023, Eastern Time",674145,494804,774684,575811,1988797,1739343,306017,1050126,391138,511048,267919,369619,1131427
US48,"12/27/2023, Eastern Time",698940,506141,787746,560573,2079566,1857454,314432,1047035,394055,569277,276845,422241,1131652
US48,"12/28/2023, Eastern Time",690881,545918,797687,560398,2084096,1926044,319065,1038616,389848,616299,271874,454805,1161632
US48,"12/29/2023, Eastern Time",680002,634698,785415,586583,2126024,1936995,313799,1014444,384132,675125,268698,477732,1180330
US48,"12/30/2023, Eastern Time",659629,651583,745495,611345,2128133,1862303,300851,967325,382382,671895,259653,468637,1120936
US48,"12/31/2023, Eastern Time",657024,650208,750189,609399,2107102,1827378,310484,973562,390049,675617,255519,442586,1060853
US48,"1/1/2024, Eastern Time",625536,621622,759462,526261,2148261,1833823,315183,994573,387760,625201,266989,467122,1083376
US48,"1/2/2024, Eastern Time",685735,706554,801892,593216,2354042,2016233,337332,1056483,423513,731575,270920,496786,1217182
US48,"1/3/2024, Eastern Time",701915,735424,798097,627980,2409787,2045289,340823,1067854,427709,786139,281432,548142,1169662
US48,"1/4/2024, Eastern Time",706456,692597,816406,593522,2428138,2064395,340090,1061712,430238,744147,288273,538419,1168857
US48,"1/5/2024, Eastern Time",700442,754904,814876,605782,2490515,2083237,354057,1069388,443452,727947,290707,542626,1123580
US48,"1/6/2024, Eastern Time",680524,636153,779064,558964,2369179,1927858,340209,1054815,426204,615688,284463,457101,1129354
US48,"1/7/2024, Eastern Time",655090,596263,780580,549127,2250380,1908840,351918,1063631,418058,640712,298466,461968,1128828
US48,"1/8/2024, Eastern Time",731115,713547,812047,611707,2364176,2033492,359225,1147167,429591,732008,317802,516521,1132724
US48,"1/9/2024, Eastern Time",736956,629836,837727,588150,2390065,2034034,371115,1130951,435703,645936,319124,478919,1249073
US48,"1/10/2024, Eastern Time",739478,651221,836386,587162,2325220,2082955,326290,1141108,410623,717079,312135,518711,1221592
US48,"1/11/2024, Eastern Time",717424,691433,824233,622937,2346247,2005062,330163,1170263,416354,697911,315635,478409,1113282
US48,"1/12/2024, Eastern Time",738653,681542,908452,613315,2346957,2020106,320701,1263956,406979,654035,315875,465951,1165565
US48,"1/13/2024, Eastern Time",690996,586192,1004869,586458,2232322,2140774,305423,1316833,389538,678392,295709,513803,1237277
US48,"1/14/2024, Eastern Time",646062,650398,1162868,628146,2456387,2314780,315520,1263263,411754,692358,274494,557515,1510256
US48,"1/15/2024, Eastern Time",675612,639392,1124479,628636,2740736,2522733,348901,1294504,450200,669743,279993,655593,1735178
US48,"1/16/2024, Eastern Time",711244,709617,1035111,626319,2837798,2607135,382934,1294738,470943,820958,279384,700430,1719101
US48,"1/17/2024, Eastern Time",706771,862398,949779,679917,2956977,2513303,386478,1209467,461496,966091,285225,724733,1580296
US48,"1/18/2024, Eastern Time",703382,790665,869617,685222,2785132,2265385,391275,1178380,483811,847146,270523,649314,1231115
US48,"1/19/2024, Eastern Time",704679,688022,960082,592727,2715301,2311918,384585,1151135,475271,724996,264991,613427,1329276
US48,"1/20/2024, Eastern Time",667148,854424,890684,639940,2800686,2392985,382883,1084829,473397,907429,263916,719206,1477912
US48,"1/21/2024, Eastern Time",649624,893051,854804,744554,2733993,2328340,373096,1036189,463436,926132,269300,701760,1424516
US48,"1/22/2024, Eastern Time",704826,831665,864179,658995,2738746,2184751,374601,1044761,468156,816633,272748,594759,1302599
US48,"1/23/2024, Eastern Time",675852,691964,819750,581010,2497005,2000922,356783,1026231,446742,661720,286142,490872,1155058
US48,"1/24/2024, Eastern Time",704238,582401,790251,596768,2297437,1913502,361145,1039803,434340,598549,271008,428345,1113662
US48,"1/25/2024, Eastern Time",683616,538378,778970,618833,2158072,1887338,326579,1032544,411051,562157,278954,402261,1080088
US48,"1/26/2024, Eastern Time",682547,519514,780300,614451,2089475,1881374,337042,1032203,415228,544129,264644,390121,1093801
US48,"1/27/2024, Eastern Time",625023,498777,771881,611210,2009204,1813163,315486,984236,391839,523681,254561,405750,1081488
US48,"1/28/2024, Eastern Time",602843,513786,745383,572212,2117525,1850004,326419,943148,404502,578435,248102,456820,1107714
US48,"1/29/2024, Eastern Time",649020,609072,752410,572247,2354333,1981214,353796,971858,438516,661037,254881,506871,1099826
US48,"1/30/2024, Eastern Time",656866,661711,727920,603721,2418209,1961367,363513,974813,442912,694406,253429,509888,1056699
US48,"1/31/2024, Eastern Time",679040,646970,678299,603730,2380415,1902780,360755,981472,435711,644991,252230,477740,1041205
US48,"2/1/2024, Eastern Time",703299,665949,677954,589992,2310507,1880387,347156,975996,427766,685516,257025,495018,1023657
US48,"2/2/2024, Eastern Time",687059,601073,703866,568403,2243631,1840357,337074,988577,422726,614014,263160,435180,1016626
US48,"2/3/2024, Eastern Time",656762,593411,689953,557515,2160805,1760248,309890,992353,394338,573150,263266,402679,981453
US48,"2/4/2024, Eastern Time",655887,642590,702385,538022,2153157,1730542,306793,1008412,388873,616857,259633,415579,1001187
US48,"2/5/2024, Eastern Time",697783,638946,733828,566430,2318236,1873750,327472,1042004,418621,662620,264911,428758,1050903
US48,"2/6/2024, Eastern Time",715149,661485,747187,576296,2343831,1897718,332347,1022805,423078,658498,271638,444425,1061124
US48,"2/7/2024, Eastern Time",735553,686577,733531,596743,2339086,1873171,324885,1037009,419883,665045,278931,450696,1049133
US48,"2/8/2024, Eastern Time",726158,683716,710705,581998,2258945,1790119,316789,1048359,403921,663080,291647,428402,1028082
US48,"2/9/2024, Eastern Time",708341,607281,709452,558592,2093956,1739787,320966,1043004,390065,590773,288654,405003,1039504
US48,"2/10/2024, Eastern Time",639308,516017,709168,548813,1951169,1695703,283797,1013402,366403,519051,281350,374082,1006648
US48,"2/11/2024, Eastern Time",632218,495202,738851,586496,1974077,1718653,286643,995937,375216,508354,274138,382017,1045320
US48,"2/12/2024, Eastern Time",675181,539528,782231,621932,2184732,1870194,309707,1024613,408515,562917,279543,422546,1126141
US48,"2/13/2024, Eastern Time",679734,562278,794055,572839,2289560,1913609,343766,1028425,427326,627431,270005,462232,1118686
US48,"2/14/2024, Eastern Time",690475,621267,794115,575459,2310309,1862430,342709,1064048,436800,652691,264025,455408,1073933
US48,"2/15/2024, Eastern Time",680429,597255,736766,575747,2351970,1854721,341104,1080581,441473,617189,257637,427232,1020698
US48,"2/16/2024, Eastern Time",672735,560388,782660,574059,2300263,1940228,333858,1080470,426724,575227,256758,418014,1021511
US48,"2/17/2024, Eastern Time",653747,564279,819011,572552,2357694,1986880,331559,1043890,421321,596307,247257,497532,1164817
US48,"2/18/2024, Eastern Time",611960,654172,764243,593290,2338949,1918466,323096,1008522,418952,664656,244590,503129,1171486
US48,"2/19/2024, Eastern Time",654915,668319,759059,594267,2328975,1954267,321831,1026847,415805,684445,252804,496750,1139677
US48,"2/20/2024, Eastern Time",701203,663385,730747,616465,2336566,1853355,335827,1015814,428184,676558,250019,455433,1067715
US48,"2/21/2024, Eastern Time",676583,650760,694564,604829,2288490,1774356,333652,995961,418196,643356,247852,433059,1037555
US48,"2/22/2024, Eastern Time",660924,615645,686983,596936,2233705,1724008,328392,991487,416491,596401,246729,400801,1051823
US48,"2/23/2024, Eastern Time",661787,548592,692292,569979,2148492,1751422,327359,999304,401186,538615,249683,386977,1009791
US48,"2/24/2024, Eastern Time",605745,566219,671004,527505,2140252,1718644,301844,951346,388729,544108,243059,410553,994324
US48,"2/25/2024, Eastern Time",581302,602106,649776,537537,2173285,1662268,303427,945230,393214,576054,243165,429929,1005747
US48,"2/26/2024, Eastern Time",665934,580330,689667,567884,2134656,1728689,307608,1019747,395371,585718,256169,391175,1099270
US48,"2/27/2024, Eastern Time",652679,555101,711651,563940,2054864,1741613,296376,1085678,385408,554025,249500,383435,1123390
US48,"2/28/2024, Eastern Time",646680,526019,778922,590778,2096060,1866959,313042,1052629,396623,553556,248517,397390,1082863
US48,"2/29/2024, Eastern Time",675232,599746,784082,591133,2294174,1931503,321385,1037609,421602,625121,246981,479828,1142594
US48,"3/1/2024, Eastern Time",674731,628189,709846,603703,2253797,1847894,313242,1041837,402317,645539,248959,458503,1082754
US48,"3/2/2024, Eastern Time",643962,516076,711666,587917,2018926,1655210,305172,1019222,386945,561863,240679,387877,1019242
US48,"3/3/2024, Eastern Time",625288,487498,717911,591384,1858993,1589466,269097,1036538,351663,517939,240108,376435,1029608
US48,"3/4/2024, Eastern Time",663961,522691,709263,610083,1975749,1718730,288416,1080057,367679,540721,248998,385120,1109898
US48,"3/5/2024, Eastern Time",673426,519561,708978,628944,2022838,1723862,312774,1066595,384689,552362,250103,380128,1115646
US48,"3/6/2024, Eastern Time",680125,527926,732528,614657,2055099,1737051,301337,1060237,389117,552011,255146,384528,1079343
US48,"3/7/2024, Eastern Time",671122,517586,705475,618746,2037707,1758497,316988,1050195,381120,553441,271127,386109,1070684
US48,"3/8/2024, Eastern Time",639026,510108,727923,667329,2019037,1751894,284165,1031157,367479,525954,256119,376657,1090875
US48,"3/9/2024, Eastern Time",600571,509089,700762,674342,2008463,1659534,303874,973896,379781,509142,245262,374639,1006606
US48,"3/10/2024, Eastern Time",552114,483288,650648,597016,1931341,1600201,269192,922447,359499,506013,230204,389386,942285
US48,"3/11/2024, Eastern Time",635631,585981,696059,568945,2183842,1750144,309270,994718,396162,597667,252943,439410,1012464
US48,"3/12/2024, Eastern Time",664297,566598,694696,588938,2048931,1703861,283686,988772,368076,593165,251280,418129,1035149
US48,"3/13/2024, Eastern Time",646224,535552,705598,607430,1961327,1677419,275154,1005506,359800,562100,248364,390201,1098736
US48,"3/14/2024, Eastern Time",633793,527329,703769,642463,1955439,1718668,268387,1016289,357131,559842,252712,387443,1132456
US48,"3/15/2024, Eastern Time",632481,502207,631868,663738,1918322,1683693,292617,966479,366545,538967,260792,367568,1095416
US48,"3/16/2024, Eastern Time",582788,482583,630808,653532,1812511,1597315,253330,902143,335411,506231,251936,351733,1011611
US48,"3/17/2024, Eastern Time",563306,472240,630924,666974,1817796,1624794,259752,869608,336793,492409,246453,349659,1003803
US48,"3/18/2024, Eastern Time",630640,518406,631403,683996,2133126,1864104,278573,895664,382298,557199,257101,427825,1027974
US48,"3/19/2024, Eastern Time",629113,592251,631452,573997,2208841,1856065,288057,898567,393405,633400,252567,464102,1041445
US48,"3/20/2024, Eastern Time",628127,555155,631317,567156,2119648,1791379,300906,913414,397710,597504,249841,405742,1022775
US48,"3/21/2024, Eastern Time",628578,522572,631339,585426,2193531,1825941,309891,922295,410406,556935,251106,385887,1030889
US48,"3/22/2024, Eastern Time",639420,524960,701956,562512,2190532,1804095,306601,927464,415370,531542,254415,374361,1052076
US48,"3/23/2024, Eastern Time",606735,487055,701435,562717,2057103,1696000,323421,903565,401240,504832,250222,366383,996955
US48,"3/24/2024, Eastern Time",578592,535561,693783,551231,2044936,1681601,283583,915688,374124,521154,251641,385837,995222
US48,"3/25/2024, Eastern Time",626891,579835,724980,593612,2089339,1758433,301219,988767,383981,550892,259408,383612,1057321
US48,"3/26/2024, Eastern Time",630188,556871,774368,643006,2068246,1797614,317268,964915,385561,541303,260316,379963,1032734
US48,"3/27/2024, Eastern Time",654367,542146,801871,655133,2083952,1810938,300117,967784,383448,540759,253978,391369,1038430
US48,"3/28/2024, Eastern Time",643909,531467,730808,637213,2091739,1785223,310109,970148,385640,535897,255179,396540,1043003
US48,"3/29/2024, Eastern Time",649478,525780,685215,572095,1952984,1657894,291724,942261,368971,531763,250850,381103,1034759
US48,"3/30/2024, Eastern Time",621142,487556,655366,568041,1846469,1562717,252077,905980,344454,507075,246257,351682,1028640
US48,"3/31/2024, Eastern Time",586991,482374,658120,580621,1742050,1546221,243476,886899,324834,499565,246734,345876,1046571
US48,"4/1/2024, Eastern Time",609232,529172,708165,633965,1965374,1736567,284983,924410,367507,550582,257465,385211,1151774
US48,"4/2/2024, Eastern Time",627879,568089,709498,680454,2037105,1774522,290040,912234,387097,585208,249188,397901,1080202
US48,"4/3/2024, Eastern Time",641046,537385,717336,687186,2103969,1766558,320898,915844,407045,547059,244977,380093,1027090
US48,"4/4/2024, Eastern Time",677132,523715,678113,591278,2130339,1791619,318525,954979,397689,550771,249276,413711,1063350
US48,"4/5/2024, Eastern Time",673925,533734,701677,570147,2112252,1750579,300191,961264,388378,551835,249086,420153,1099083
US48,"4/6/2024, Eastern Time",606271,511551,662612,554884,1956240,1601744,280123,932698,356074,523581,237032,387956,1060228
US48,"4/7/2024, Eastern Time",573753,505029,652378,562832,1858428,1606280,270444,902833,331645,521597,238998,373086,1078499
US48,"4/8/2024, Eastern Time",621421,519997,684953,588497,1928754,1701611,267251,945357,359559,547472,247282,376329,1127075
US48,"4/9/2024, Eastern Time",632390,510925,681902,622386,1915523,1697473,251939,920609,346768,548990,249275,373727,1142236
US48,"4/10/2024, Eastern Time",638131,525184,680085,674576,1918428,1683745,270598,918304,355212,554340,252109,374815,1056946
US48,"4/11/2024, Eastern Time",616216,527843,682997,699558,1952857,1680588,291789,911028,365841,547862,259250,368968,1041845
US48,"4/12/2024, Eastern Time",597427,494601,683507,618219,1924523,1666300,291289,898968,362000,505236,264245,373572,1054903
US48,"4/13/2024, Eastern Time",574901,475681,669333,568687,1786881,1575846,250744,860974,348744,490857,254665,366843,1053251
US48,"4/14/2024, Eastern Time",593372,492296,692195,584456,1774688,1582129,245976,840587,335281,500106,244365,361980,1098735
US48,"4/15/2024, Eastern Time",623641,559405,734904,636917,1955719,1757277,252248,904482,350306,587128,244822,409574,1168580
US48,"4/16/2024, Eastern Time",633392,573387,724232,657196,1939573,1798308,245044,931578,339492,597589,254793,415453,1185648
US48,"4/17/2024, Eastern Time",640482,552659,736596,684650,1949919,1783290,251271,942955,356408,596667,265554,405024,1218861
US48,"4/18/2024, Eastern Time",646681,595370,719725,711031,1955912,1771325,288407,939563,374256,625476,273773,425216,1252659
US48,"4/19/2024, Eastern Time",641944,566583,681932,736570,1887676,1713789,255091,919001,358950,645034,276560,390398,1141620
US48,"4/20/2024, Eastern Time",587525,551639,648310,728781,1757984,1610863,253571,880586,332701,585028,277836,345263,1080045
US48,"4/21/2024, Eastern Time",585757,479311,639266,711746,1797957,1537025,248170,873888,338783,509837,278621,347259,981406
US48,"4/22/2024, Eastern Time",665979,515670,685165,643476,1946955,1673533,253437,924386,342465,546137,299022,389396,1027868
US48,"4/23/2024, Eastern Time",656211,533430,692608,598971,1931435,1675752,251893,914661,342348,557709,301045,386215,1067088
US48,"4/24/2024, Eastern Time",649075,518783,689788,622207,1910529,1690662,270567,920405,355440,556053,288840,384712,1161103
US48,"4/25/2024, Eastern Time",653399,529392,708348,656074,1905378,1702767,253030,920866,343892,578172,273588,375593,1184510
US48,"4/26/2024, Eastern Time",641052,505951,706372,673114,1897053,1723823,246980,907090,339869,583416,262751,388607,1198480
US48,"4/27/2024, Eastern Time",582890,493613,686887,650196,1823963,1650762,227759,885227,326116,548752,250155,389001,1202919
US48,"4/28/2024, Eastern Time",559958,506931,653135,650535,1849854,1663664,241990,874443,325176,549480,254258,389470,1139441
US48,"4/29/2024, Eastern Time",627785,560645,694903,683085,2137739,1758976,259728,918731,367015,589578,276011,410533,1232172
US48,"4/30/2024, Eastern Time",657402,563668,739230,710525,2079667,1786300,269820,943947,357614,604273,290402,417633,1260173
US48,"5/1/2024, Eastern Time",664506,590974,728460,741452,2092929,1823236,266435,933053,350558,640450,291870,431465,1238474
US48,"5/2/2024, Eastern Time",672246,619397,716524,766818,2153739,1841124,263106,916302,349936,655341,293195,437993,1208794
US48,"5/3/2024, Eastern Time",671244,613832,710604,764625,2004204,1763715,252504,911817,341940,650575,297022,415289,1207778
US48,"5/4/2024, Eastern Time",640583,541065,670451,742016,1825001,1689449,231447,877962,322139,598811,289408,401463,1166112
US48,"5/5/2024, Eastern Time",562114,546364,643849,751215,1834161,1625805,260010,886984,337959,609160,274917,407550,1132398
US48,"5/6/2024, Eastern Time",613306,590599,722123,785206,1999635,1795530,263725,922149,350571,671798,269133,434268,1272627
US48,"5/7/2024, Eastern Time",635726,625095,739886,770623,2090186,1867822,250158,935576,351355,691210,274620,449535,1350787
US48,"5/8/2024, Eastern Time",643901,653491,750718,806095,2207841,1863817,282744,921790,377331,716434,281596,448969,1389194
US48,"5/9/2024, Eastern Time",669696,583874,714790,870291,2026682,1844268,260300,905751,361010,665840,277902,442126,1350791
US48,"5/10/2024, Eastern Time",682312,567791,706917,833362,1908537,1743106,252272,892463,355509,621390,282530,396308,1237475
US48,"5/11/2024, Eastern Time",646363,484352,683701,820493,1760385,1605713,234629,876968,318881,542632,280894,365447,1134871
US48,"5/12/2024, Eastern Time",626317,496899,662894,738118,1754826,1614629,237700,875762,322479,532617,274573,371264,1109365
US48,"5/13/2024, Eastern Time",680375,526998,697280,794794,1971492,1787869,251994,925744,347954,550955,305440,379578,1201570
US48,"5/14/2024, Eastern Time",695681,542752,714754,850340,1978219,1783762,256742,938572,354711,602512,331259,398548,1226236
US48,"5/15/2024, Eastern Time",719603,569656,728592,835921,1980174,1802581,279660,940018,367413,648479,321739,400143,1296080
US48,"5/16/2024, Eastern Time",720916,592923,714794,846456,2028734,1837305,277757,942529,363810,664530,316518,425417,1189671
US48,"5/17/2024, Eastern Time",716022,576992,745285,833137,1999525,1832138,254237,949519,358677,600512,328979,400197,1108882
US48,"5/18/2024, Eastern Time",652846,561942,767304,859023,1935818,1824560,252877,910883,336962,579707,330823,395087,1243774
US48,"5/19/2024, Eastern Time",613484,515838,768135,843398,1973195,1863980,251664,903144,336057,597118,317512,424205,1332954
US48,"5/20/2024, Eastern Time",667822,575813,808233,826356,2203325,2022686,260261,933973,377636,658888,308333,470729,1396386
US48,"5/21/2024, Eastern Time",683535,608803,813103,795963,2367757,2075732,283630,943101,408914,685551,308567,485291,1437318
US48,"5/22/2024, Eastern Time",703916,644447,744992,832148,2414185,1989173,313683,937057,434377,697712,305763,464313,1415218
US48,"5/23/2024, Eastern Time",699335,671706,782967,841981,2340225,1942467,326143,938855,424937,712499,312930,445035,1406746
US48,"5/24/2024, Eastern Time",678295,656539,795762,858747,2308621,1949584,294871,922445,414012,685538,322406,431462,1453026
US48,"5/25/2024, Eastern Time",617053,618705,748638,859032,2160130,1822509,253269,888119,375230,646898,303380,438836,1427249
US48,"5/26/2024, Eastern Time",589824,636222,768238,862731,2117386,1777494,272302,873915,382548,678700,301082,434163,1448653
US48,"5/27/2024, Eastern Time",617397,636361,763427,897564,2053756,1777603,294608,898224,398974,673205,325819,437727,1484779
US48,"5/28/2024, Eastern Time",683981,674825,761303,917216,2152573,1857623,315958,961519,415978,709371,352257,453794,1350936
US48,"5/29/2024, Eastern Time",717563,636146,770323,913694,2059251,1835931,291854,974171,393945,678697,354598,437428,1324523
US48,"5/30/2024, Eastern Time",729474,590705,762501,877637,1990625,1860617,280012,965971,368523,651373,355889,425199,1364926
US48,"5/31/2024, Eastern Time",753127,550160,731174,853767,1980277,1829758,259406,964704,365780,648380,362853,415530,1272800
US48,"6/1/2024, Eastern Time",691779,527640,740645,787321,1920931,1753234,248546,930619,360183,576660,355460,385981,1285069
US48,"6/2/2024, Eastern Time",649766,551021,746457,770132,1968087,1777180,264960,934611,378133,616472,348952,423393,1355935
US48,"6/3/2024, Eastern Time",715419,648926,786786,815210,2371773,2044907,312387,976609,448343,708614,356080,473052,1441531
US48,"6/4/2024, Eastern Time",769849,681127,802033,845988,2521239,2122160,304060,1001658,455096,724198,367989,474630,1495897
US48,"6/5/2024, Eastern Time",858294,676724,815113,898162,2452157,2052978,322534,1033044,461009,725874,389463,485876,1417605
US48,"6/6/2024, Eastern Time",861766,709683,838862,940254,2464876,2001196,343106,1060247,475275,735372,421987,496361,1444288
US48,"6/7/2024, Eastern Time",820824,691316,855957,911365,2279496,1957183,320441,1086261,437779,736382,427142,464391,1495598
US48,"6/8/2024, Eastern Time",713672,623708,860132,893620,2034393,1844782,272810,1027966,379216,662636,397782,428269,1486089
US48,"6/9/2024, Eastern Time",670428,645574,799143,915601,2025435,1816474,271036,989316,372919,710330,378405,443105,1459710
US48,"6/10/2024, Eastern Time",752032,636618,795157,937405,2081615,1900055,277986,1032974,397209,736722,379978,450681,1435082
US48,"6/11/2024, Eastern Time",820867,642250,825967,813538,2072584,1935433,284359,1049954,396022,703823,402260,435566,1385025
US48,"6/12/2024, Eastern Time",842254,668184,883515,807875,2240650,2081828,296445,1079715,400073,724798,415866,448204,1416011
US48,"6/13/2024, Eastern Time",777195,697231,935914,829113,2496562,2222545,310422,1087294,437863,766546,409469,496988,1486449
US48,"6/14/2024, Eastern Time",775304,718800,925775,839938,2521893,2202635,336036,1061879,460500,786888,406127,532014,1508378
US48,"6/15/2024, Eastern Time",741040,718810,881192,809903,2199391,2039749,277010,1003905,392856,794377,402364,534398,1470002
US48,"6/16/2024, Eastern Time",695744,687793,894091,847874,2231150,2119948,253382,973886,373330,779135,406970,532489,1484824
US48,"6/17/2024, Eastern Time",738856,735575,946863,878373,2731411,2372342,316473,1017626,472702,801305,402005,551971,1552784
US48,"6/18/2024, Eastern Time",764934,721972,937090,857130,2881623,2382608,396820,970503,528597,773260,389345,532666,1500877
US48,"6/19/2024, Eastern Time",753023,701857,857337,842119,2855528,2346441,429489,976687,543998,743742,395326,512783,1357326
US48,"6/20/2024, Eastern Time",768843,712688,894531,859270,2849071,2325582,448992,1050995,560371,759645,417871,534395,1435920
US48,"6/21/2024, Eastern Time",797340,721782,928094,873997,2915857,2330295,406569,1073812,569747,773605,455039,553897,1482882
US48,"6/22/2024, Eastern Time",832205,742718,925958,850271,2882526,2252038,341643,1056877,535052,779159,418524,551727,1473937
US48,"6/23/2024, Eastern Time",872641,775375,941452,830146,2731559,2175271,346755,1077532,528587,801207,419943,539704,1490232
US48,"6/24/2024, Eastern Time",910901,818693,1033841,880238,2656926,2358233,362852,1135311,487872,845416,459345,567555,1582170
US48,"6/25/2024, Eastern Time",871924,789454,1055469,890772,2584142,2414128,355374,1157646,488333,841753,437583,564457,1617722
US48,"6/26/2024, Eastern Time",805234,834987,973790,894867,2733670,2248610,392841,1146958,525513,855882,447020,552164,1628333
US48,"6/27/2024, Eastern Time",801120,756267,944652,905759,2509870,2148245,357754,1111325,474388,794721,463663,519063,1619300
US48,"6/28/2024, Eastern Time",797919,752823,976128,877923,2384077,2148440,283691,1083308,413704,792072,458197,554676,1638719
US48,"6/29/2024, Eastern Time",743151,775956,958610,848329,2540063,2213409,296223,1039381,428966,769409,437311,569723,1623518
US48,"6/30/2024, Eastern Time",756543,775163,878321,805891,2489498,2005206,356591,1061352,459818,793498,434274,547514,1590909
US48,"7/1/2024, Eastern Time",831707,721072,933541,865609,2231714,2082885,328548,1090183,431153,811515,435375,506818,1634667
US48,"7/2/2024, Eastern Time",884281,660329,995795,917851,2333883,2156579,324478,1074403,442764,803044,452124,524279,1641730
US48,"7/3/2024, Eastern Time",930389,713726,952623,943221,2574941,2320039,328455,1087649,464048,808583,448190,571144,1624639
US48,"7/4/2024, Eastern Time",874145,753277,890759,921758,2498728,2132145,326190,1043177,468304,796341,450681,571998,1598681
US48,"7/5/2024, Eastern Time",894050,802007,820981,923373,2675092,2081607,385786,1076300,535062,788425,457128,528863,1515770
US48,"7/6/2024, Eastern Time",887715,779000,833467,900753,2682261,2022049,390804,1114366,524043,751785,442100,504506,1427578
US48,"7/7/2024, Eastern Time",862924,721709,815650,936304,2626412,2074440,400593,1112713,521388,763740,449995,512790,1398846
US48,"7/8/2024, Eastern Time",903850,781613,852626,961546,2894306,2266799,440684,1184324,575041,821181,465188,567474,1201227
US48,"7/9/2024, Eastern Time",900844,835906,878512,899632,2972339,2215959,458985,1233161,584881,819644,469517,555911,1275270
US48,"7/10/2024, Eastern Time",923757,841685,926594,895539,2924940,2188875,468400,1244023,596679,785859,466857,513145,1363368
US48,"7/11/2024, Eastern Time",960782,768866,956988,835736,2704445,2255792,460211,1239370,560345,780061,468941,525532,1386547
US48,"7/12/2024, Eastern Time",944123,724585,987122,869827,2621463,2306462,430426,1231601,537021,800344,460988,549772,1375221
US48,"7/13/2024, Eastern Time",840129,747575,978049,882680,2671314,2289077,405831,1196399,514810,799887,433310,549418,1348924
US48,"7/14/2024, Eastern Time",775311,790111,995646,890597,2703710,2318150,395732,1173379,519002,812444,421318,554948,1408225
US48,"7/15/2024, Eastern Time",880415,836310,1070947,902804,2992410,2518335,456630,1205080,582246,833593,440154,586652,1536706
US48,"7/16/2024, Eastern Time",884878,825335,1017632,897152,3060663,2386744,471449,1190949,592567,815466,454188,578746,1574337
US48,"7/17/2024, Eastern Time",868305,811484,944148,893369,2891199,2242999,457898,1186558,572022,799261,463616,559220,1521382
US48,"7/18/2024, Eastern Time",923753,770655,906559,915427,2560132,2077596,419640,1175921,523047,771612,463371,516568,1426504
US48,"7/19/2024, Eastern Time",966245,701466,889883,918207,2446436,2050049,353963,1178747,474958,720550,464479,473212,1446008
US48,"7/20/2024, Eastern Time",935474,682626,834437,912168,2332099,2010907,341796,1153755,457240,682611,464491,478487,1427778
US48,"7/21/2024, Eastern Time",875629,693795,818058,909179,2404842,2016332,357097,1115589,482653,691725,426440,491253,1381544
US48,"7/22/2024, Eastern Time",980077,731596,873390,877587,2553144,2193898,386375,1149500,526457,749814,422745,506324,1381448
US48,"7/23/2024, Eastern Time",1048180,772439,911140,890407,2644632,2195639,382008,1155089,515697,777963,461740,484349,1336969
US48,"7/24/2024, Eastern Time",1075651,762311,956910,925247,2635415,2182126,364939,1178951,522291,753780,472828,490852,1372080
US48,"7/25/2024, Eastern Time",1067772,709339,978846,916137,2574291,2189419,371406,1174776,504415,756381,463465,493851,1367333
US48,"7/26/2024, Eastern Time",1006509,695133,974774,909593,2423858,2164076,334384,1132166,459510,770610,432082,492173,1333132
US48,"7/27/2024, Eastern Time",835711,671744,940019,873738,2342857,2096549,325103,1064204,446802,720061,441775,487966,1327960
US48,"7/28/2024, Eastern Time",768448,659592,939791,865142,2403923,2146226,325694,1043554,457041,698129,427629,476229,1387036
US48,"7/29/2024, Eastern Time",836041,667701,1047004,873253,2694335,2406571,345527,1101402,512723,758877,435902,518375,1563584
US48,"7/30/2024, Eastern Time",869637,742071,1075094,879453,2769552,2469947,400720,1120117,549083,804562,444273,558087,1593416
US48,"7/31/2024, Eastern Time",898083,774480,1089103,919862,2871730,2495823,428713,1148012,565967,776459,439277,573081,1604258
US48,"8/1/2024, Eastern Time",929629,816787,1044070,935509,2956110,2467957,446480,1201554,578337,803839,437730,595294,1573011
US48,"8/2/2024, Eastern Time",968898,802773,1011858,916549,2893724,2415266,451598,1249480,580016,803341,460398,563143,1600012
US48,"8/3/2024, Eastern Time",938969,728577,972413,842559,2647814,2304873,434321,1164692,536896,744775,463895,513516,1573491
US48,"8/4/2024, Eastern Time",899739,695926,972268,794696,2554399,2292750,396935,1159190,501763,760589,468499,524734,1517443
US48,"8/5/2024, Eastern Time",985852,740321,1034984,819077,2871711,2454099,409884,1196468,544649,760339,465507,578082,1566076
US48,"8/6/2024, Eastern Time",1005224,685289,1006516,894071,2843408,2323395,377410,1185222,537462,777062,472191,585249,1592139
US48,"8/7/2024, Eastern Time",1007064,706814,988755,954313,2559109,2218689,317957,1168921,448992,805041,427292,550626,1643918
US48,"8/8/2024, Eastern Time",943978,663840,941722,971798,2518294,2215520,315100,1133932,437163,824049,440540,544136,1662808
US48,"8/9/2024, Eastern Time",944246,735275,846808,942299,2571520,2098198,370483,1111629,498953,814875,428756,530131,1610015
US48,"8/10/2024, Eastern Time",890788,752970,778766,919178,2336318,1882996,371946,1064690,459300,806514,442611,470712,1546945
US48,"8/11/2024, Eastern Time",885395,724588,790390,909719,2166249,1894416,318902,1056458,421810,771404,417176,452918,1578423
US48,"8/12/2024, Eastern Time",944182,739263,897738,924012,2330470,2109579,324306,1086048,436269,797884,432563,485569,1645392
US48,"8/13/2024, Eastern Time",929152,679228,940844,967793,2396725,2214070,319954,1063728,436644,819960,436380,519580,1660515
US48,"8/14/2024, Eastern Time",929645,688293,988854,973844,2477073,2259803,341355,1058736,465624,809560,441824,515792,1664095
US48,"8/15/2024, Eastern Time",937881,689827,993880,923732,2480651,2281070,348952,1065724,480985,810418,415705,549900,1672121
US48,"8/16/2024, Eastern Time",941657,708884,991004,866110,2545590,2315501,340586,1073719,492956,761121,417378,569947,1685379
US48,"8/17/2024, Eastern Time",852611,708871,943777,854069,2405515,2174683,311086,1061700,462051,774353,408812,537772,1648584
US48,"8/18/2024, Eastern Time",797050,710154,934873,876650,2344398,2111985,313500,1050406,454911,756811,366678,508182,1641772
US48,"8/19/2024, Eastern Time",894477,714855,954066,921868,2396312,2138636,355162,1092278,477779,776542,390462,498698,1686448
US48,"8/20/2024, Eastern Time",917699,677675,915818,921319,2112037,2042100,304914,1097882,401830,762087,461525,469389,1688446
US48,"8/21/2024, Eastern Time",927950,611759,917113,872175,2041289,1999691,284842,1089929,382126,728883,437645,439095,1688190
US48,"8/22/2024, Eastern Time",887799,597155,894643,792961,2094944,2014546,289120,1056010,389306,729172,424040,472322,1699831
US48,"8/23/2024, Eastern Time",829533,590590,920963,816529,2180370,2100512,298223,1029597,407431,698146,418768,499048,1696677
US48,"8/24/2024, Eastern Time",756819,587034,968819,808656,2208101,2141522,292976,966092,405102,675258,399398,480065,1579393
US48,"8/25/2024, Eastern Time",734160,618035,1000029,841149,2378280,2266252,310112,944379,425264,690063,383062,490307,1547763
US48,"8/26/2024, Eastern Time",855031,694341,1037234,877094,2718154,2559554,344471,999230,475589,752049,396187,533108,1524442
US48,"8/27/2024, Eastern Time",907964,741584,1014959,913588,2838024,2511709,345014,1025488,487564,793564,395209,551041,1488646
US48,"8/28/2024, Eastern Time",904794,777401,1011025,886633,2908782,2381926,393164,1036444,539447,836036,399752,565695,1492346
US48,"8/29/2024, Eastern Time",866224,806121,1005484,831250,2820825,2355102,323321,1036202,475354,806259,403377,576178,1466448
US48,"8/30/2024, Eastern Time",853273,765392,895971,847024,2567074,2273081,290453,1039706,437924,758454,401611,551938,1454870
US48,"8/31/2024, Eastern Time",817695,695163,837003,836941,2353001,2049338,304959,1027869,429079,708989,393108,503558,1433838
US48,"9/1/2024, Eastern Time",812593,682995,820087,806265,2300719,1918782,327433,1010584,436966,682999,382565,459868,1394587
US48,"9/2/2024, Eastern Time",836649,669321,788741,828680,2077889,1841906,293145,1026255,394828,746865,386316,463039,1372870
US48,"9/3/2024, Eastern Time",938330,617656,824622,854249,2051645,1963927,271885,1064953,382423,749775,406543,472635,1341925
US48,"9/4/2024, Eastern Time",1011256,590471,868062,858026,2118330,2041275,286191,1063779,392797,702094,417385,473743,1325098
US48,"9/5/2024, Eastern Time",1070218,605915,890563,866774,2234227,2125486,287849,1068899,401446,704269,435756,498755,1356334
US48,"9/6/2024, Eastern Time",1108447,602537,841121,868518,2206217,1980729,301724,1069532,415105,626375,439789,475652,1356722
US48,"9/7/2024, Eastern Time",1026200,587941,746935,861582,1917190,1681444,281421,1029609,387435,609981,417979,410391,1271855
US48,"9/8/2024, Eastern Time",1001125,524457,738088,861199,1766688,1652002,247717,1015652,338759,596525,399259,371096,1198801
US48,"9/9/2024, Eastern Time",1072106,566839,800598,863952,1984462,1853184,271448,1055799,377879,632490,399924,414935,1243755
US48,"9/10/2024, Eastern Time",974452,582958,816113,830734,2129172,1935002,281698,1047459,388966,628403,396844,441177,1295715
US48,"9/11/2024, Eastern Time",846912,582129,840081,838485,2219078,1976178,278931,1003284,389353,609106,391349,456260,1330629
US48,"9/12/2024, Eastern Time",812543,586423,849389,853718,2267384,1974157,288738,982501,408416,599604,391895,410192,1348715
US48,"9/13/2024, Eastern Time",806607,594364,841926,856020,2272876,1989877,304104,950633,420936,617989,379712,433635,1419590
US48,"9/14/2024, Eastern Time",762667,585823,831373,825798,2206531,1976694,293824,917595,411903,583044,387663,415240,1462153
US48,"9/15/2024, Eastern Time",712628,575390,851782,812403,2164424,1990631,281820,919989,404636,578667,381623,419114,1435371
US48,"9/16/2024, Eastern Time",733617,558996,876012,828334,2216688,2110949,294054,938135,415597,620785,377406,455521,1450671
US48,"9/17/2024, Eastern Time",736029,575750,879093,839626,2228818,2091115,302194,927570,422263,614514,349852,440947,1453504
US48,"9/18/2024, Eastern Time",738373,604798,895518,859898,2277641,2114488,308453,921764,421286,648177,328803,452110,1501699
US48,"9/19/2024, Eastern Time",744288,624580,933417,843477,2356744,2185141,315655,928639,434128,665305,337160,483092,1554564
US48,"9/20/2024, Eastern Time",742937,634807,922091,853504,2346452,2181013,309034,927546,429269,673635,345500,498012,1548226
US48,"9/21/2024, Eastern Time",712059,617037,869745,819946,2222450,2057113,273393,877726,387404,659052,319076,485049,1498476
US48,"9/22/2024, Eastern Time",715751,632648,747525,824192,2076352,1890494,259345,865328,372482,684807,317400,491314,1455232
US48,"9/23/2024, Eastern Time",815530,643907,726899,873537,2112121,1928055,282607,927741,389014,729941,349011,505975,1402632
US48,"9/24/2024, Eastern Time",850802,658954,738928,886707,2079909,1931405,275265,962273,376808,763337,365644,482553,1419930
US48,"9/25/2024, Eastern Time",806491,667141,746124,837307,2109745,1913419,291616,966373,384115,680996,380700,426042,1380232
US48,"9/26/2024, Eastern Time",772435,627807,757560,815920,2190929,1893511,306623,974703,406784,614708,398337,420817,1289965
US48,"9/27/2024, Eastern Time",787524,546070,745333,809796,2153893,1821437,289110,963860,393654,514378,405023,396412,1272577
US48,"9/28/2024, Eastern Time",734452,496085,729101,808445,2031586,1758615,261289,933573,368122,508957,410210,362621,1261835
US48,"9/29/2024, Eastern Time",697105,530978,742485,857355,1958410,1777218,259089,937415,360454,535989,405405,367779,1264954
US48,"9/30/2024, Eastern Time",790258,577024,796907,891289,2095605,1952565,273056,963487,380784,593705,394669,408960,1350737
US48,"10/1/2024, Eastern Time",875078,572346,741201,897956,2056659,1884898,279664,947234,378816,618416,404081,434085,1360564
US48,"10/2/2024, Eastern Time",921904,583317,735587,870817,1987153,1806507,274950,947188,374092,647517,391418,417126,1350487
US48,"10/3/2024, Eastern Time",922388,582099,786426,861377,2015683,1832990,275275,951510,369088,622883,377067,427001,1387080
US48,"10/4/2024, Eastern Time",896952,574943,787501,842596,2022538,1829413,276438,952949,370991,632362,374215,445168,1360698
US48,"10/5/2024, Eastern Time",849631,564960,770674,795894,1897559,1776814,253641,919011,346119,620962,366885,434741,1319967
US48,"10/6/2024, Eastern Time",836162,543385,731859,702689,1867359,1757903,245324,892526,337242,613089,363332,431694,1341866
US48,"10/7/2024, Eastern Time",907273,587238,722944,695694,1954586,1792059,291416,937160,375050,653209,374092,412384,1359077
US48,"10/8/2024, Eastern Time",880305,548353,721367,707416,1891351,1750797,264999,930033,358371,617953,367242,386588,1300041
US48,"10/9/2024, Eastern Time",831835,515792,739227,677329,1897136,1753132,269564,928118,328198,607598,355551,386123,1256025
US48,"10/10/2024, Eastern Time",802720,507085,754350,519220,1890480,1789504,268185,927502,360125,583154,363293,387755,1286833
US48,"10/11/2024, Eastern Time",779733,496302,764127,561686,1900024,1782781,263764,928020,354992,552080,355167,383431,1295032
US48,"10/12/2024, Eastern Time",709676,482218,746253,613309,1790562,1692488,240004,886114,327886,521813,340409,368525,1289809
US48,"10/13/2024, Eastern Time",675461,490688,709021,661891,1784679,1669349,269337,867256,349858,532444,330358,387413,1308081
US48,"10/14/2024, Eastern Time",739918,532819,699414,714465,1886578,1766093,293765,910418,373774,574331,333575,374351,1312375
US48,"10/15/2024, Eastern Time",759704,512486,704163,712369,1953568,1780400,283599,916217,370140,550291,324441,383867,1305882
US48,"10/16/2024, Eastern Time",761979,526824,697413,631412,1989753,1744238,283648,919579,371418,554766,312562,399523,1120442
US48,"10/17/2024, Eastern Time",737425,548812,708442,573357,1995958,1747471,281803,936440,365921,575095,306803,404743,1076920
US48,"10/18/2024, Eastern Time",700675,537436,734639,592582,1957050,1711559,271049,936705,359360,567491,280303,393882,1108969
US48,"10/19/2024, Eastern Time",662302,500214,624520,624770,1810107,1608652,249568,864118,334870,526863,252194,363670,1118734
US48,"10/20/2024, Eastern Time",642203,489695,611539,642889,1785396,1606668,247738,851165,330021,521940,252328,362583,1133500
US48,"10/21/2024, Eastern Time",700649,524732,685132,685806,1952847,1747627,269898,901182,363870,560804,272193,389055,1203134
US48,"10/22/2024, Eastern Time",721785,529151,745234,720945,1977673,1753662,271298,920414,373493,574296,283048,389734,1253483
US48,"10/23/2024, Eastern Time",730414,538530,747832,712757,1953910,1747701,274872,947066,376031,584110,292378,394375,1301903
US48,"10/24/2024, Eastern Time",721393,530675,761355,688251,1906829,1755623,274680,959123,366182,586856,296862,390450,1310625
US48,"10/25/2024, Eastern Time",705496,518629,728534,689491,1917059,1731637,262029,940522,361117,578843,289892,397232,1309965
US48,"10/26/2024, Eastern Time",673609,503991,677778,666108,1774656,1619381,251015,875882,337178,556211,287027,361048,1254209
US48,"10/27/2024, Eastern Time",663824,476975,679687,643807,1806310,1612321,254454,858316,340857,531966,288270,353522,1240916
US48,"10/28/2024, Eastern Time",709500,518554,755249,660439,1994431,1770522,287146,929410,369182,557493,291962,388036,1312847
US48,"10/29/2024, Eastern Time",692563,526609,785854,698734,1998296,1838568,306333,941895,380778,571062,274780,399142,1350826
US48,"10/30/2024, Eastern Time",701082,537379,769959,730025,2001878,1868294,289203,977168,369942,588147,253911,398003,1365629
US48,"10/31/2024, Eastern Time",700804,538371,695889,704747,1992973,1807724,279407,973634,376387,596120,250801,395232,1275329
US48,"11/1/2024, Eastern Time",690022,537529,691587,716527,1938436,1737006,281066,957572,380282,577725,252459,377921,1182473
US48,"11/2/2024, Eastern Time",679851,499946,672319,700353,1790902,1662753,260039,908962,345239,556735,247227,358717,1189352
US48,"11/3/2024, Eastern Time",632097,493494,678834,721735,1891620,1717571,277418,949911,358226,558763,260362,380631,1286953
US48,"11/4/2024, Eastern Time",669456,520033,699064,722148,1977697,1808323,312630,976937,385333,570705,252568,392754,1301960
US48,"11/5/2024, Eastern Time",695086,538344,691559,741643,1989054,1811940,287264,986965,371794,599386,255949,398545,1143206
US48,"11/6/2024, Eastern Time",673232,554799,699185,793549,2007690,1796333,288930,1008055,386179,608458,257756,406848,1122221
US48,"11/7/2024, Eastern Time",670293,566146,702623,793149,1982428,1786015,280777,1002456,378476,595661,262171,402141,1205850
US48,"11/8/2024, Eastern Time",685163,562888,703375,761006,1918918,1761818,276178,986606,367491,607701,263051,380414,1214473
US48,"11/9/2024, Eastern Time",654884,482536,666530,718124,1835680,1670212,265149,951409,344838,557996,253426,357246,1095948
US48,"11/10/2024, Eastern Time",631081,485530,654862,711794,1866053,1633591,275250,916020,355474,529028,246022,353769,1104852
US48,"11/11/2024, Eastern Time",696430,526717,690289,743449,1941333,1740631,283501,952424,374033,571322,255191,375134,1153366
US48,"11/12/2024, Eastern Time",699878,521071,699142,748431,1968920,1782309,290625,992215,377863,541205,255668,375792,1133761
US48,"11/13/2024, Eastern Time",713543,537488,700028,713442,2039088,1818040,305963,995356,387730,539592,257414,383641,1142912
